question,optionA,optionB,optionC,optionD,optionE,optionF,answer
"以下の2つの文の意味の類似度は？
S1: 臨床症状,アミラーゼ,リパーゼ,トリプシン共に,速やかに改善した
S2: 血液検査でもアミラーゼ,リパーゼ,トリプシン共に,速やかに改善傾向を示した","A. 二つの文は完全に同等で、意味が同じである。
S1: 1例は血尿が消失しなかったため膀胱全摘除術を施工した。
S2: 1例は血尿が消失せず膀胱全摘除術を施行した。","B. 二つの文はほぼ同等だが、いくつかの重要ではない詳細が異なる。
S1: 頭部MRAでは、頭蓋内主幹動脈に異常は認めなかった。
S2: 頭部MRAでは頭蓋内主幹動脈に有意狭窄などは認めなかった。","C. 二つの文は大まかに同等だが、いくつかの重要な情報が異なっていたり欠けている。
S1: 臼歯部咬合関係は左右側ともAngelI級であった。
S2: 第一大臼歯部咬合関係は左右側ともにAngel H級であった。","D. 二つの文は同等ではないが、いくつかの詳細を共有している。
S1: 現在、保定開始後3年8ヶ月を経過している。
S2: 現在、保定12ヶ月を経過し、咬合状態は安定している。","E. 二つの文は同等ではないが、同じトピックに関している。
S1: その後臼歯拳上型スプリントを装着したが効果はなかった。
S2: 次に上顎にスプリントを装着し症状の軽減をはかりながら咬合位を確立していった。","F. 二つの文は完全に似ていない。
S1: しかし、自験例のように耐糖能異常のない症例は稀であった。
S2: しかし、自験例の病歴聴取では誘閣となるものは否定的であった。",A
"以下の2つの文の意味の類似度は？
S1: 陸生哺乳類と違ってコウモリは移動範囲が非常に広いので,コウモリの種類の分布もさることながら,その狂犬病ウイルスの分布を型別に明らかにするのは難しい
S2: 陸生哺乳類と違ってコウモリは移動範囲が非常に広いので,コウモリの種類の分布もさることながら,その狂犬病ウイルスの分布範囲を型別に明らかにするのは難しい","A. 二つの文は完全に同等で、意味が同じである。
S1: 1例は血尿が消失しなかったため膀胱全摘除術を施工した。
S2: 1例は血尿が消失せず膀胱全摘除術を施行した。","B. 二つの文はほぼ同等だが、いくつかの重要ではない詳細が異なる。
S1: 頭部MRAでは、頭蓋内主幹動脈に異常は認めなかった。
S2: 頭部MRAでは頭蓋内主幹動脈に有意狭窄などは認めなかった。","C. 二つの文は大まかに同等だが、いくつかの重要な情報が異なっていたり欠けている。
S1: 臼歯部咬合関係は左右側ともAngelI級であった。
S2: 第一大臼歯部咬合関係は左右側ともにAngel H級であった。","D. 二つの文は同等ではないが、いくつかの詳細を共有している。
S1: 現在、保定開始後3年8ヶ月を経過している。
S2: 現在、保定12ヶ月を経過し、咬合状態は安定している。","E. 二つの文は同等ではないが、同じトピックに関している。
S1: その後臼歯拳上型スプリントを装着したが効果はなかった。
S2: 次に上顎にスプリントを装着し症状の軽減をはかりながら咬合位を確立していった。","F. 二つの文は完全に似ていない。
S1: しかし、自験例のように耐糖能異常のない症例は稀であった。
S2: しかし、自験例の病歴聴取では誘閣となるものは否定的であった。",A
"以下の2つの文の意味の類似度は？
S1: セファロ分析:骨格型は上下顎とも前下方に成長しており、歯列型は上顎切歯の歯軸傾斜の改善が認められた
S2: セファロ分析;骨格型は上下顎とも前下方に成長しており、歯列型では上顎切歯の歯軸傾斜の改善が認められた","A. 二つの文は完全に同等で、意味が同じである。
S1: 1例は血尿が消失しなかったため膀胱全摘除術を施工した。
S2: 1例は血尿が消失せず膀胱全摘除術を施行した。","B. 二つの文はほぼ同等だが、いくつかの重要ではない詳細が異なる。
S1: 頭部MRAでは、頭蓋内主幹動脈に異常は認めなかった。
S2: 頭部MRAでは頭蓋内主幹動脈に有意狭窄などは認めなかった。","C. 二つの文は大まかに同等だが、いくつかの重要な情報が異なっていたり欠けている。
S1: 臼歯部咬合関係は左右側ともAngelI級であった。
S2: 第一大臼歯部咬合関係は左右側ともにAngel H級であった。","D. 二つの文は同等ではないが、いくつかの詳細を共有している。
S1: 現在、保定開始後3年8ヶ月を経過している。
S2: 現在、保定12ヶ月を経過し、咬合状態は安定している。","E. 二つの文は同等ではないが、同じトピックに関している。
S1: その後臼歯拳上型スプリントを装着したが効果はなかった。
S2: 次に上顎にスプリントを装着し症状の軽減をはかりながら咬合位を確立していった。","F. 二つの文は完全に似ていない。
S1: しかし、自験例のように耐糖能異常のない症例は稀であった。
S2: しかし、自験例の病歴聴取では誘閣となるものは否定的であった。",A
"以下の2つの文の意味の類似度は？
S1: 虫垂は拡張し,内部には隔壁様構造と液体貯留を伴う
S2: 虫垂は拡張し,内部には隔壁様構造と液体貯留を伴っていた","A. 二つの文は完全に同等で、意味が同じである。
S1: 1例は血尿が消失しなかったため膀胱全摘除術を施工した。
S2: 1例は血尿が消失せず膀胱全摘除術を施行した。","B. 二つの文はほぼ同等だが、いくつかの重要ではない詳細が異なる。
S1: 頭部MRAでは、頭蓋内主幹動脈に異常は認めなかった。
S2: 頭部MRAでは頭蓋内主幹動脈に有意狭窄などは認めなかった。","C. 二つの文は大まかに同等だが、いくつかの重要な情報が異なっていたり欠けている。
S1: 臼歯部咬合関係は左右側ともAngelI級であった。
S2: 第一大臼歯部咬合関係は左右側ともにAngel H級であった。","D. 二つの文は同等ではないが、いくつかの詳細を共有している。
S1: 現在、保定開始後3年8ヶ月を経過している。
S2: 現在、保定12ヶ月を経過し、咬合状態は安定している。","E. 二つの文は同等ではないが、同じトピックに関している。
S1: その後臼歯拳上型スプリントを装着したが効果はなかった。
S2: 次に上顎にスプリントを装着し症状の軽減をはかりながら咬合位を確立していった。","F. 二つの文は完全に似ていない。
S1: しかし、自験例のように耐糖能異常のない症例は稀であった。
S2: しかし、自験例の病歴聴取では誘閣となるものは否定的であった。",A
"以下の2つの文の意味の類似度は？
S1: 入院時所見:体格中等,栄養良好,眼球結膜に黄染を認めなかった
S2: 入院時現症:体格中等度,栄養良好で,眼険・眼球結膜に貧血,黄染は認めなかった","A. 二つの文は完全に同等で、意味が同じである。
S1: 1例は血尿が消失しなかったため膀胱全摘除術を施工した。
S2: 1例は血尿が消失せず膀胱全摘除術を施行した。","B. 二つの文はほぼ同等だが、いくつかの重要ではない詳細が異なる。
S1: 頭部MRAでは、頭蓋内主幹動脈に異常は認めなかった。
S2: 頭部MRAでは頭蓋内主幹動脈に有意狭窄などは認めなかった。","C. 二つの文は大まかに同等だが、いくつかの重要な情報が異なっていたり欠けている。
S1: 臼歯部咬合関係は左右側ともAngelI級であった。
S2: 第一大臼歯部咬合関係は左右側ともにAngel H級であった。","D. 二つの文は同等ではないが、いくつかの詳細を共有している。
S1: 現在、保定開始後3年8ヶ月を経過している。
S2: 現在、保定12ヶ月を経過し、咬合状態は安定している。","E. 二つの文は同等ではないが、同じトピックに関している。
S1: その後臼歯拳上型スプリントを装着したが効果はなかった。
S2: 次に上顎にスプリントを装着し症状の軽減をはかりながら咬合位を確立していった。","F. 二つの文は完全に似ていない。
S1: しかし、自験例のように耐糖能異常のない症例は稀であった。
S2: しかし、自験例の病歴聴取では誘閣となるものは否定的であった。",A
"以下の2つの文の意味の類似度は？
S1: 水平断では,右鼠径部に腫瘤を認め,腹腔内との交通を認めた
S2: C:水平断:右鼠径部に腫瘤を認め(矢印),腹腔内との交通を認めた","A. 二つの文は完全に同等で、意味が同じである。
S1: 1例は血尿が消失しなかったため膀胱全摘除術を施工した。
S2: 1例は血尿が消失せず膀胱全摘除術を施行した。","B. 二つの文はほぼ同等だが、いくつかの重要ではない詳細が異なる。
S1: 頭部MRAでは、頭蓋内主幹動脈に異常は認めなかった。
S2: 頭部MRAでは頭蓋内主幹動脈に有意狭窄などは認めなかった。","C. 二つの文は大まかに同等だが、いくつかの重要な情報が異なっていたり欠けている。
S1: 臼歯部咬合関係は左右側ともAngelI級であった。
S2: 第一大臼歯部咬合関係は左右側ともにAngel H級であった。","D. 二つの文は同等ではないが、いくつかの詳細を共有している。
S1: 現在、保定開始後3年8ヶ月を経過している。
S2: 現在、保定12ヶ月を経過し、咬合状態は安定している。","E. 二つの文は同等ではないが、同じトピックに関している。
S1: その後臼歯拳上型スプリントを装着したが効果はなかった。
S2: 次に上顎にスプリントを装着し症状の軽減をはかりながら咬合位を確立していった。","F. 二つの文は完全に似ていない。
S1: しかし、自験例のように耐糖能異常のない症例は稀であった。
S2: しかし、自験例の病歴聴取では誘閣となるものは否定的であった。",A
"以下の2つの文の意味の類似度は？
S1: 徒手整復を試みたが整復困難で,重積部分を含め回腸を約15cm切除した
S2: 整復を試みたが,整復できず,重積部分を含めて回腸を約15cm切除した(Fig","A. 二つの文は完全に同等で、意味が同じである。
S1: 1例は血尿が消失しなかったため膀胱全摘除術を施工した。
S2: 1例は血尿が消失せず膀胱全摘除術を施行した。","B. 二つの文はほぼ同等だが、いくつかの重要ではない詳細が異なる。
S1: 頭部MRAでは、頭蓋内主幹動脈に異常は認めなかった。
S2: 頭部MRAでは頭蓋内主幹動脈に有意狭窄などは認めなかった。","C. 二つの文は大まかに同等だが、いくつかの重要な情報が異なっていたり欠けている。
S1: 臼歯部咬合関係は左右側ともAngelI級であった。
S2: 第一大臼歯部咬合関係は左右側ともにAngel H級であった。","D. 二つの文は同等ではないが、いくつかの詳細を共有している。
S1: 現在、保定開始後3年8ヶ月を経過している。
S2: 現在、保定12ヶ月を経過し、咬合状態は安定している。","E. 二つの文は同等ではないが、同じトピックに関している。
S1: その後臼歯拳上型スプリントを装着したが効果はなかった。
S2: 次に上顎にスプリントを装着し症状の軽減をはかりながら咬合位を確立していった。","F. 二つの文は完全に似ていない。
S1: しかし、自験例のように耐糖能異常のない症例は稀であった。
S2: しかし、自験例の病歴聴取では誘閣となるものは否定的であった。",A
"以下の2つの文の意味の類似度は？
S1: 5)口腔内X線所見:上下顎左右第三大臼歯を認める
S2: 5)口腔内X線所見:上下左右に第三大臼歯の存在が認められる","A. 二つの文は完全に同等で、意味が同じである。
S1: 1例は血尿が消失しなかったため膀胱全摘除術を施工した。
S2: 1例は血尿が消失せず膀胱全摘除術を施行した。","B. 二つの文はほぼ同等だが、いくつかの重要ではない詳細が異なる。
S1: 頭部MRAでは、頭蓋内主幹動脈に異常は認めなかった。
S2: 頭部MRAでは頭蓋内主幹動脈に有意狭窄などは認めなかった。","C. 二つの文は大まかに同等だが、いくつかの重要な情報が異なっていたり欠けている。
S1: 臼歯部咬合関係は左右側ともAngelI級であった。
S2: 第一大臼歯部咬合関係は左右側ともにAngel H級であった。","D. 二つの文は同等ではないが、いくつかの詳細を共有している。
S1: 現在、保定開始後3年8ヶ月を経過している。
S2: 現在、保定12ヶ月を経過し、咬合状態は安定している。","E. 二つの文は同等ではないが、同じトピックに関している。
S1: その後臼歯拳上型スプリントを装着したが効果はなかった。
S2: 次に上顎にスプリントを装着し症状の軽減をはかりながら咬合位を確立していった。","F. 二つの文は完全に似ていない。
S1: しかし、自験例のように耐糖能異常のない症例は稀であった。
S2: しかし、自験例の病歴聴取では誘閣となるものは否定的であった。",A
"以下の2つの文の意味の類似度は？
S1: 高尿酸血症,尿酸過剰排泄,赤血球PRPP濃度上昇,　PRPPsyn活性充進を認めた
S2: 高尿酸血症,尿酸過剰排泄,赤血球中PRPP濃度上昇,　PRPPsyn活性充進を認めた","A. 二つの文は完全に同等で、意味が同じである。
S1: 1例は血尿が消失しなかったため膀胱全摘除術を施工した。
S2: 1例は血尿が消失せず膀胱全摘除術を施行した。","B. 二つの文はほぼ同等だが、いくつかの重要ではない詳細が異なる。
S1: 頭部MRAでは、頭蓋内主幹動脈に異常は認めなかった。
S2: 頭部MRAでは頭蓋内主幹動脈に有意狭窄などは認めなかった。","C. 二つの文は大まかに同等だが、いくつかの重要な情報が異なっていたり欠けている。
S1: 臼歯部咬合関係は左右側ともAngelI級であった。
S2: 第一大臼歯部咬合関係は左右側ともにAngel H級であった。","D. 二つの文は同等ではないが、いくつかの詳細を共有している。
S1: 現在、保定開始後3年8ヶ月を経過している。
S2: 現在、保定12ヶ月を経過し、咬合状態は安定している。","E. 二つの文は同等ではないが、同じトピックに関している。
S1: その後臼歯拳上型スプリントを装着したが効果はなかった。
S2: 次に上顎にスプリントを装着し症状の軽減をはかりながら咬合位を確立していった。","F. 二つの文は完全に似ていない。
S1: しかし、自験例のように耐糖能異常のない症例は稀であった。
S2: しかし、自験例の病歴聴取では誘閣となるものは否定的であった。",A
"以下の2つの文の意味の類似度は？
S1: あと300mL出血するとトリガー値の130mg/dLまで低下するので早めの輸血判断が必要となることがわかる
S2: この症例では,あと300mL出血するとトリガー値の130mg/dLまで低下するので早めの輸血判断が必要となることがわかる","A. 二つの文は完全に同等で、意味が同じである。
S1: 1例は血尿が消失しなかったため膀胱全摘除術を施工した。
S2: 1例は血尿が消失せず膀胱全摘除術を施行した。","B. 二つの文はほぼ同等だが、いくつかの重要ではない詳細が異なる。
S1: 頭部MRAでは、頭蓋内主幹動脈に異常は認めなかった。
S2: 頭部MRAでは頭蓋内主幹動脈に有意狭窄などは認めなかった。","C. 二つの文は大まかに同等だが、いくつかの重要な情報が異なっていたり欠けている。
S1: 臼歯部咬合関係は左右側ともAngelI級であった。
S2: 第一大臼歯部咬合関係は左右側ともにAngel H級であった。","D. 二つの文は同等ではないが、いくつかの詳細を共有している。
S1: 現在、保定開始後3年8ヶ月を経過している。
S2: 現在、保定12ヶ月を経過し、咬合状態は安定している。","E. 二つの文は同等ではないが、同じトピックに関している。
S1: その後臼歯拳上型スプリントを装着したが効果はなかった。
S2: 次に上顎にスプリントを装着し症状の軽減をはかりながら咬合位を確立していった。","F. 二つの文は完全に似ていない。
S1: しかし、自験例のように耐糖能異常のない症例は稀であった。
S2: しかし、自験例の病歴聴取では誘閣となるものは否定的であった。",A
"以下の2つの文の意味の類似度は？
S1: 左椎骨動脈撮影にて同側後交通動脈からICA終末部の描出を認めるものの中大脳動脈(middle　cerebral　artery;MCA)の描出は乏しかった
S2: また右椎骨動脈撮影にて同側後交通動脈からICA終末部の描出を認めるものの中大脳動脈(middle　cerebral　artery,以下MCA)の描出は乏しかった","A. 二つの文は完全に同等で、意味が同じである。
S1: 1例は血尿が消失しなかったため膀胱全摘除術を施工した。
S2: 1例は血尿が消失せず膀胱全摘除術を施行した。","B. 二つの文はほぼ同等だが、いくつかの重要ではない詳細が異なる。
S1: 頭部MRAでは、頭蓋内主幹動脈に異常は認めなかった。
S2: 頭部MRAでは頭蓋内主幹動脈に有意狭窄などは認めなかった。","C. 二つの文は大まかに同等だが、いくつかの重要な情報が異なっていたり欠けている。
S1: 臼歯部咬合関係は左右側ともAngelI級であった。
S2: 第一大臼歯部咬合関係は左右側ともにAngel H級であった。","D. 二つの文は同等ではないが、いくつかの詳細を共有している。
S1: 現在、保定開始後3年8ヶ月を経過している。
S2: 現在、保定12ヶ月を経過し、咬合状態は安定している。","E. 二つの文は同等ではないが、同じトピックに関している。
S1: その後臼歯拳上型スプリントを装着したが効果はなかった。
S2: 次に上顎にスプリントを装着し症状の軽減をはかりながら咬合位を確立していった。","F. 二つの文は完全に似ていない。
S1: しかし、自験例のように耐糖能異常のない症例は稀であった。
S2: しかし、自験例の病歴聴取では誘閣となるものは否定的であった。",A
"以下の2つの文の意味の類似度は？
S1: 顎関節・歯周所見など診断及び治療方針顎関節の症状は確認されなかった
S2: 顎関節・歯周所見など診断及び治療方針顎関節,歯周病組織に特記事項はなかった","A. 二つの文は完全に同等で、意味が同じである。
S1: 1例は血尿が消失しなかったため膀胱全摘除術を施工した。
S2: 1例は血尿が消失せず膀胱全摘除術を施行した。","B. 二つの文はほぼ同等だが、いくつかの重要ではない詳細が異なる。
S1: 頭部MRAでは、頭蓋内主幹動脈に異常は認めなかった。
S2: 頭部MRAでは頭蓋内主幹動脈に有意狭窄などは認めなかった。","C. 二つの文は大まかに同等だが、いくつかの重要な情報が異なっていたり欠けている。
S1: 臼歯部咬合関係は左右側ともAngelI級であった。
S2: 第一大臼歯部咬合関係は左右側ともにAngel H級であった。","D. 二つの文は同等ではないが、いくつかの詳細を共有している。
S1: 現在、保定開始後3年8ヶ月を経過している。
S2: 現在、保定12ヶ月を経過し、咬合状態は安定している。","E. 二つの文は同等ではないが、同じトピックに関している。
S1: その後臼歯拳上型スプリントを装着したが効果はなかった。
S2: 次に上顎にスプリントを装着し症状の軽減をはかりながら咬合位を確立していった。","F. 二つの文は完全に似ていない。
S1: しかし、自験例のように耐糖能異常のない症例は稀であった。
S2: しかし、自験例の病歴聴取では誘閣となるものは否定的であった。",A
"以下の2つの文の意味の類似度は？
S1: 症状の改善が見られなかったため、X年9月に再度受診したところ、2年前と同様の診断を受けた
S2: 症状の改善が得られなかったため、X年9月に再度受診したところ、2年前の初診時と同様の診断を受けた","A. 二つの文は完全に同等で、意味が同じである。
S1: 1例は血尿が消失しなかったため膀胱全摘除術を施工した。
S2: 1例は血尿が消失せず膀胱全摘除術を施行した。","B. 二つの文はほぼ同等だが、いくつかの重要ではない詳細が異なる。
S1: 頭部MRAでは、頭蓋内主幹動脈に異常は認めなかった。
S2: 頭部MRAでは頭蓋内主幹動脈に有意狭窄などは認めなかった。","C. 二つの文は大まかに同等だが、いくつかの重要な情報が異なっていたり欠けている。
S1: 臼歯部咬合関係は左右側ともAngelI級であった。
S2: 第一大臼歯部咬合関係は左右側ともにAngel H級であった。","D. 二つの文は同等ではないが、いくつかの詳細を共有している。
S1: 現在、保定開始後3年8ヶ月を経過している。
S2: 現在、保定12ヶ月を経過し、咬合状態は安定している。","E. 二つの文は同等ではないが、同じトピックに関している。
S1: その後臼歯拳上型スプリントを装着したが効果はなかった。
S2: 次に上顎にスプリントを装着し症状の軽減をはかりながら咬合位を確立していった。","F. 二つの文は完全に似ていない。
S1: しかし、自験例のように耐糖能異常のない症例は稀であった。
S2: しかし、自験例の病歴聴取では誘閣となるものは否定的であった。",A
"以下の2つの文の意味の類似度は？
S1: 顎関節・歯周所見など診断及び治療方針特記所見は認めない
S2: 顎関節・歯周所見など診断及び治療方針顎関節の症状は確認されなかった","A. 二つの文は完全に同等で、意味が同じである。
S1: 1例は血尿が消失しなかったため膀胱全摘除術を施工した。
S2: 1例は血尿が消失せず膀胱全摘除術を施行した。","B. 二つの文はほぼ同等だが、いくつかの重要ではない詳細が異なる。
S1: 頭部MRAでは、頭蓋内主幹動脈に異常は認めなかった。
S2: 頭部MRAでは頭蓋内主幹動脈に有意狭窄などは認めなかった。","C. 二つの文は大まかに同等だが、いくつかの重要な情報が異なっていたり欠けている。
S1: 臼歯部咬合関係は左右側ともAngelI級であった。
S2: 第一大臼歯部咬合関係は左右側ともにAngel H級であった。","D. 二つの文は同等ではないが、いくつかの詳細を共有している。
S1: 現在、保定開始後3年8ヶ月を経過している。
S2: 現在、保定12ヶ月を経過し、咬合状態は安定している。","E. 二つの文は同等ではないが、同じトピックに関している。
S1: その後臼歯拳上型スプリントを装着したが効果はなかった。
S2: 次に上顎にスプリントを装着し症状の軽減をはかりながら咬合位を確立していった。","F. 二つの文は完全に似ていない。
S1: しかし、自験例のように耐糖能異常のない症例は稀であった。
S2: しかし、自験例の病歴聴取では誘閣となるものは否定的であった。",A
"以下の2つの文の意味の類似度は？
S1: 5)口腔内X線所見:上下顎左右第三大臼歯の歯胚を認める
S2: 4)口腔内X線写真所見:上下左右第三大臼歯の歯胚を認めた","A. 二つの文は完全に同等で、意味が同じである。
S1: 1例は血尿が消失しなかったため膀胱全摘除術を施工した。
S2: 1例は血尿が消失せず膀胱全摘除術を施行した。","B. 二つの文はほぼ同等だが、いくつかの重要ではない詳細が異なる。
S1: 頭部MRAでは、頭蓋内主幹動脈に異常は認めなかった。
S2: 頭部MRAでは頭蓋内主幹動脈に有意狭窄などは認めなかった。","C. 二つの文は大まかに同等だが、いくつかの重要な情報が異なっていたり欠けている。
S1: 臼歯部咬合関係は左右側ともAngelI級であった。
S2: 第一大臼歯部咬合関係は左右側ともにAngel H級であった。","D. 二つの文は同等ではないが、いくつかの詳細を共有している。
S1: 現在、保定開始後3年8ヶ月を経過している。
S2: 現在、保定12ヶ月を経過し、咬合状態は安定している。","E. 二つの文は同等ではないが、同じトピックに関している。
S1: その後臼歯拳上型スプリントを装着したが効果はなかった。
S2: 次に上顎にスプリントを装着し症状の軽減をはかりながら咬合位を確立していった。","F. 二つの文は完全に似ていない。
S1: しかし、自験例のように耐糖能異常のない症例は稀であった。
S2: しかし、自験例の病歴聴取では誘閣となるものは否定的であった。",A
"以下の2つの文の意味の類似度は？
S1: 年3月,閉経後性器出血を主訴に他院を受診した
S2: 現病歴:■年3月12日,閉経後性器出血を主訴に他院を初診","A. 二つの文は完全に同等で、意味が同じである。
S1: 1例は血尿が消失しなかったため膀胱全摘除術を施工した。
S2: 1例は血尿が消失せず膀胱全摘除術を施行した。","B. 二つの文はほぼ同等だが、いくつかの重要ではない詳細が異なる。
S1: 頭部MRAでは、頭蓋内主幹動脈に異常は認めなかった。
S2: 頭部MRAでは頭蓋内主幹動脈に有意狭窄などは認めなかった。","C. 二つの文は大まかに同等だが、いくつかの重要な情報が異なっていたり欠けている。
S1: 臼歯部咬合関係は左右側ともAngelI級であった。
S2: 第一大臼歯部咬合関係は左右側ともにAngel H級であった。","D. 二つの文は同等ではないが、いくつかの詳細を共有している。
S1: 現在、保定開始後3年8ヶ月を経過している。
S2: 現在、保定12ヶ月を経過し、咬合状態は安定している。","E. 二つの文は同等ではないが、同じトピックに関している。
S1: その後臼歯拳上型スプリントを装着したが効果はなかった。
S2: 次に上顎にスプリントを装着し症状の軽減をはかりながら咬合位を確立していった。","F. 二つの文は完全に似ていない。
S1: しかし、自験例のように耐糖能異常のない症例は稀であった。
S2: しかし、自験例の病歴聴取では誘閣となるものは否定的であった。",A
"以下の2つの文の意味の類似度は？
S1: 自院内で鍼灸を実施しているとの回答は有効回答数の18.6%(118/636件)であった
S2: 2)自院内で鍼灸を行っているとの回答は有効回答数の18.6%(118/636件)であった","A. 二つの文は完全に同等で、意味が同じである。
S1: 1例は血尿が消失しなかったため膀胱全摘除術を施工した。
S2: 1例は血尿が消失せず膀胱全摘除術を施行した。","B. 二つの文はほぼ同等だが、いくつかの重要ではない詳細が異なる。
S1: 頭部MRAでは、頭蓋内主幹動脈に異常は認めなかった。
S2: 頭部MRAでは頭蓋内主幹動脈に有意狭窄などは認めなかった。","C. 二つの文は大まかに同等だが、いくつかの重要な情報が異なっていたり欠けている。
S1: 臼歯部咬合関係は左右側ともAngelI級であった。
S2: 第一大臼歯部咬合関係は左右側ともにAngel H級であった。","D. 二つの文は同等ではないが、いくつかの詳細を共有している。
S1: 現在、保定開始後3年8ヶ月を経過している。
S2: 現在、保定12ヶ月を経過し、咬合状態は安定している。","E. 二つの文は同等ではないが、同じトピックに関している。
S1: その後臼歯拳上型スプリントを装着したが効果はなかった。
S2: 次に上顎にスプリントを装着し症状の軽減をはかりながら咬合位を確立していった。","F. 二つの文は完全に似ていない。
S1: しかし、自験例のように耐糖能異常のない症例は稀であった。
S2: しかし、自験例の病歴聴取では誘閣となるものは否定的であった。",A
"以下の2つの文の意味の類似度は？
S1: 麻痺側下肢機能はBrunstromRecovery　Stage(以下BRS)皿で,　FugトMeyerAssessment(以下FMA)下肢は22点であった
S2: 麻痺倶1」上肢機能はBrunnstromRecovery　Stage(以下BRS)Hで,　Fugl　MeyerAssessment(以下FMA)上肢6点であった","A. 二つの文は完全に同等で、意味が同じである。
S1: 1例は血尿が消失しなかったため膀胱全摘除術を施工した。
S2: 1例は血尿が消失せず膀胱全摘除術を施行した。","B. 二つの文はほぼ同等だが、いくつかの重要ではない詳細が異なる。
S1: 頭部MRAでは、頭蓋内主幹動脈に異常は認めなかった。
S2: 頭部MRAでは頭蓋内主幹動脈に有意狭窄などは認めなかった。","C. 二つの文は大まかに同等だが、いくつかの重要な情報が異なっていたり欠けている。
S1: 臼歯部咬合関係は左右側ともAngelI級であった。
S2: 第一大臼歯部咬合関係は左右側ともにAngel H級であった。","D. 二つの文は同等ではないが、いくつかの詳細を共有している。
S1: 現在、保定開始後3年8ヶ月を経過している。
S2: 現在、保定12ヶ月を経過し、咬合状態は安定している。","E. 二つの文は同等ではないが、同じトピックに関している。
S1: その後臼歯拳上型スプリントを装着したが効果はなかった。
S2: 次に上顎にスプリントを装着し症状の軽減をはかりながら咬合位を確立していった。","F. 二つの文は完全に似ていない。
S1: しかし、自験例のように耐糖能異常のない症例は稀であった。
S2: しかし、自験例の病歴聴取では誘閣となるものは否定的であった。",B
"以下の2つの文の意味の類似度は？
S1: 11)症例に対する考察:小臼歯の抜去により、前歯部が後退して口唇部の突出感が改善された
S2: 11)症例に対する考察:小臼歯の抜歯により、前歯部が後退して、口唇部突出感が消失し、良好なるプロファイルが得られたと思う","A. 二つの文は完全に同等で、意味が同じである。
S1: 1例は血尿が消失しなかったため膀胱全摘除術を施工した。
S2: 1例は血尿が消失せず膀胱全摘除術を施行した。","B. 二つの文はほぼ同等だが、いくつかの重要ではない詳細が異なる。
S1: 頭部MRAでは、頭蓋内主幹動脈に異常は認めなかった。
S2: 頭部MRAでは頭蓋内主幹動脈に有意狭窄などは認めなかった。","C. 二つの文は大まかに同等だが、いくつかの重要な情報が異なっていたり欠けている。
S1: 臼歯部咬合関係は左右側ともAngelI級であった。
S2: 第一大臼歯部咬合関係は左右側ともにAngel H級であった。","D. 二つの文は同等ではないが、いくつかの詳細を共有している。
S1: 現在、保定開始後3年8ヶ月を経過している。
S2: 現在、保定12ヶ月を経過し、咬合状態は安定している。","E. 二つの文は同等ではないが、同じトピックに関している。
S1: その後臼歯拳上型スプリントを装着したが効果はなかった。
S2: 次に上顎にスプリントを装着し症状の軽減をはかりながら咬合位を確立していった。","F. 二つの文は完全に似ていない。
S1: しかし、自験例のように耐糖能異常のない症例は稀であった。
S2: しかし、自験例の病歴聴取では誘閣となるものは否定的であった。",B
"以下の2つの文の意味の類似度は？
S1: 下部消化管内視鏡:異常所見は認めなかった
S2: 大腸内視鏡では,何ら異常所見は認めなかった","A. 二つの文は完全に同等で、意味が同じである。
S1: 1例は血尿が消失しなかったため膀胱全摘除術を施工した。
S2: 1例は血尿が消失せず膀胱全摘除術を施行した。","B. 二つの文はほぼ同等だが、いくつかの重要ではない詳細が異なる。
S1: 頭部MRAでは、頭蓋内主幹動脈に異常は認めなかった。
S2: 頭部MRAでは頭蓋内主幹動脈に有意狭窄などは認めなかった。","C. 二つの文は大まかに同等だが、いくつかの重要な情報が異なっていたり欠けている。
S1: 臼歯部咬合関係は左右側ともAngelI級であった。
S2: 第一大臼歯部咬合関係は左右側ともにAngel H級であった。","D. 二つの文は同等ではないが、いくつかの詳細を共有している。
S1: 現在、保定開始後3年8ヶ月を経過している。
S2: 現在、保定12ヶ月を経過し、咬合状態は安定している。","E. 二つの文は同等ではないが、同じトピックに関している。
S1: その後臼歯拳上型スプリントを装着したが効果はなかった。
S2: 次に上顎にスプリントを装着し症状の軽減をはかりながら咬合位を確立していった。","F. 二つの文は完全に似ていない。
S1: しかし、自験例のように耐糖能異常のない症例は稀であった。
S2: しかし、自験例の病歴聴取では誘閣となるものは否定的であった。",B
"以下の2つの文の意味の類似度は？
S1: 治療と経過:ヘルペス性凛疽の診断のもと,ゾビラックス⑪1000mg/dayを5日間内服投与した
S2: 治療と経過:ヘルペス性療疽の診断のもと,ゾビラックス@ユ000mg/dayを7日間内服投与した","A. 二つの文は完全に同等で、意味が同じである。
S1: 1例は血尿が消失しなかったため膀胱全摘除術を施工した。
S2: 1例は血尿が消失せず膀胱全摘除術を施行した。","B. 二つの文はほぼ同等だが、いくつかの重要ではない詳細が異なる。
S1: 頭部MRAでは、頭蓋内主幹動脈に異常は認めなかった。
S2: 頭部MRAでは頭蓋内主幹動脈に有意狭窄などは認めなかった。","C. 二つの文は大まかに同等だが、いくつかの重要な情報が異なっていたり欠けている。
S1: 臼歯部咬合関係は左右側ともAngelI級であった。
S2: 第一大臼歯部咬合関係は左右側ともにAngel H級であった。","D. 二つの文は同等ではないが、いくつかの詳細を共有している。
S1: 現在、保定開始後3年8ヶ月を経過している。
S2: 現在、保定12ヶ月を経過し、咬合状態は安定している。","E. 二つの文は同等ではないが、同じトピックに関している。
S1: その後臼歯拳上型スプリントを装着したが効果はなかった。
S2: 次に上顎にスプリントを装着し症状の軽減をはかりながら咬合位を確立していった。","F. 二つの文は完全に似ていない。
S1: しかし、自験例のように耐糖能異常のない症例は稀であった。
S2: しかし、自験例の病歴聴取では誘閣となるものは否定的であった。",B
"以下の2つの文の意味の類似度は？
S1: その後腫脹が気にかかり某歯科を受診し本院に紹介された
S2: その後腫瘤が次第に増大してきたため,1987年6月18日当科受診した","A. 二つの文は完全に同等で、意味が同じである。
S1: 1例は血尿が消失しなかったため膀胱全摘除術を施工した。
S2: 1例は血尿が消失せず膀胱全摘除術を施行した。","B. 二つの文はほぼ同等だが、いくつかの重要ではない詳細が異なる。
S1: 頭部MRAでは、頭蓋内主幹動脈に異常は認めなかった。
S2: 頭部MRAでは頭蓋内主幹動脈に有意狭窄などは認めなかった。","C. 二つの文は大まかに同等だが、いくつかの重要な情報が異なっていたり欠けている。
S1: 臼歯部咬合関係は左右側ともAngelI級であった。
S2: 第一大臼歯部咬合関係は左右側ともにAngel H級であった。","D. 二つの文は同等ではないが、いくつかの詳細を共有している。
S1: 現在、保定開始後3年8ヶ月を経過している。
S2: 現在、保定12ヶ月を経過し、咬合状態は安定している。","E. 二つの文は同等ではないが、同じトピックに関している。
S1: その後臼歯拳上型スプリントを装着したが効果はなかった。
S2: 次に上顎にスプリントを装着し症状の軽減をはかりながら咬合位を確立していった。","F. 二つの文は完全に似ていない。
S1: しかし、自験例のように耐糖能異常のない症例は稀であった。
S2: しかし、自験例の病歴聴取では誘閣となるものは否定的であった。",B
"以下の2つの文の意味の類似度は？
S1: 外来リハは,40分の理学療法を週1～2回の頻度で実施した
S2: 受傷2日目から,40～60分の理学療法を週5～6回の頻度で実施した","A. 二つの文は完全に同等で、意味が同じである。
S1: 1例は血尿が消失しなかったため膀胱全摘除術を施工した。
S2: 1例は血尿が消失せず膀胱全摘除術を施行した。","B. 二つの文はほぼ同等だが、いくつかの重要ではない詳細が異なる。
S1: 頭部MRAでは、頭蓋内主幹動脈に異常は認めなかった。
S2: 頭部MRAでは頭蓋内主幹動脈に有意狭窄などは認めなかった。","C. 二つの文は大まかに同等だが、いくつかの重要な情報が異なっていたり欠けている。
S1: 臼歯部咬合関係は左右側ともAngelI級であった。
S2: 第一大臼歯部咬合関係は左右側ともにAngel H級であった。","D. 二つの文は同等ではないが、いくつかの詳細を共有している。
S1: 現在、保定開始後3年8ヶ月を経過している。
S2: 現在、保定12ヶ月を経過し、咬合状態は安定している。","E. 二つの文は同等ではないが、同じトピックに関している。
S1: その後臼歯拳上型スプリントを装着したが効果はなかった。
S2: 次に上顎にスプリントを装着し症状の軽減をはかりながら咬合位を確立していった。","F. 二つの文は完全に似ていない。
S1: しかし、自験例のように耐糖能異常のない症例は稀であった。
S2: しかし、自験例の病歴聴取では誘閣となるものは否定的であった。",B
"以下の2つの文の意味の類似度は？
S1: 2)初診時年齢:20歳8か月女子3)顔貌所見:正貌Symmetry、側貌Convex　Typeで口唇の突出感を認めた
S2: 2)初診時年齢および性別:24歳3か月女性3)顔貌所見:正貌はsymmetry、側貌はconvex　typeで、口唇の突出感を認める","A. 二つの文は完全に同等で、意味が同じである。
S1: 1例は血尿が消失しなかったため膀胱全摘除術を施工した。
S2: 1例は血尿が消失せず膀胱全摘除術を施行した。","B. 二つの文はほぼ同等だが、いくつかの重要ではない詳細が異なる。
S1: 頭部MRAでは、頭蓋内主幹動脈に異常は認めなかった。
S2: 頭部MRAでは頭蓋内主幹動脈に有意狭窄などは認めなかった。","C. 二つの文は大まかに同等だが、いくつかの重要な情報が異なっていたり欠けている。
S1: 臼歯部咬合関係は左右側ともAngelI級であった。
S2: 第一大臼歯部咬合関係は左右側ともにAngel H級であった。","D. 二つの文は同等ではないが、いくつかの詳細を共有している。
S1: 現在、保定開始後3年8ヶ月を経過している。
S2: 現在、保定12ヶ月を経過し、咬合状態は安定している。","E. 二つの文は同等ではないが、同じトピックに関している。
S1: その後臼歯拳上型スプリントを装着したが効果はなかった。
S2: 次に上顎にスプリントを装着し症状の軽減をはかりながら咬合位を確立していった。","F. 二つの文は完全に似ていない。
S1: しかし、自験例のように耐糖能異常のない症例は稀であった。
S2: しかし、自験例の病歴聴取では誘閣となるものは否定的であった。",B
"以下の2つの文の意味の類似度は？
S1: 保定2年5か月を経過するが咬合は安定している
S2: 現在,保定終了後2年が経過しているが,咬合は安定している","A. 二つの文は完全に同等で、意味が同じである。
S1: 1例は血尿が消失しなかったため膀胱全摘除術を施工した。
S2: 1例は血尿が消失せず膀胱全摘除術を施行した。","B. 二つの文はほぼ同等だが、いくつかの重要ではない詳細が異なる。
S1: 頭部MRAでは、頭蓋内主幹動脈に異常は認めなかった。
S2: 頭部MRAでは頭蓋内主幹動脈に有意狭窄などは認めなかった。","C. 二つの文は大まかに同等だが、いくつかの重要な情報が異なっていたり欠けている。
S1: 臼歯部咬合関係は左右側ともAngelI級であった。
S2: 第一大臼歯部咬合関係は左右側ともにAngel H級であった。","D. 二つの文は同等ではないが、いくつかの詳細を共有している。
S1: 現在、保定開始後3年8ヶ月を経過している。
S2: 現在、保定12ヶ月を経過し、咬合状態は安定している。","E. 二つの文は同等ではないが、同じトピックに関している。
S1: その後臼歯拳上型スプリントを装着したが効果はなかった。
S2: 次に上顎にスプリントを装着し症状の軽減をはかりながら咬合位を確立していった。","F. 二つの文は完全に似ていない。
S1: しかし、自験例のように耐糖能異常のない症例は稀であった。
S2: しかし、自験例の病歴聴取では誘閣となるものは否定的であった。",B
"以下の2つの文の意味の類似度は？
S1: 現在、動的処置終了後2年を経過するが、咬合状態は安定している
S2: 現在、保定開始後3年6ヵ月が経過しているが、安定した咬合を保っている","A. 二つの文は完全に同等で、意味が同じである。
S1: 1例は血尿が消失しなかったため膀胱全摘除術を施工した。
S2: 1例は血尿が消失せず膀胱全摘除術を施行した。","B. 二つの文はほぼ同等だが、いくつかの重要ではない詳細が異なる。
S1: 頭部MRAでは、頭蓋内主幹動脈に異常は認めなかった。
S2: 頭部MRAでは頭蓋内主幹動脈に有意狭窄などは認めなかった。","C. 二つの文は大まかに同等だが、いくつかの重要な情報が異なっていたり欠けている。
S1: 臼歯部咬合関係は左右側ともAngelI級であった。
S2: 第一大臼歯部咬合関係は左右側ともにAngel H級であった。","D. 二つの文は同等ではないが、いくつかの詳細を共有している。
S1: 現在、保定開始後3年8ヶ月を経過している。
S2: 現在、保定12ヶ月を経過し、咬合状態は安定している。","E. 二つの文は同等ではないが、同じトピックに関している。
S1: その後臼歯拳上型スプリントを装着したが効果はなかった。
S2: 次に上顎にスプリントを装着し症状の軽減をはかりながら咬合位を確立していった。","F. 二つの文は完全に似ていない。
S1: しかし、自験例のように耐糖能異常のない症例は稀であった。
S2: しかし、自験例の病歴聴取では誘閣となるものは否定的であった。",B
"以下の2つの文の意味の類似度は？
S1: 可動域は屈曲120度,伸展0度,外転50度,内転30度,内旋30度,外旋40度であった
S2: 左股関節可動域は屈曲70度,伸展0度,外転50度,内転30度,内旋10度,外旋40度であった","A. 二つの文は完全に同等で、意味が同じである。
S1: 1例は血尿が消失しなかったため膀胱全摘除術を施工した。
S2: 1例は血尿が消失せず膀胱全摘除術を施行した。","B. 二つの文はほぼ同等だが、いくつかの重要ではない詳細が異なる。
S1: 頭部MRAでは、頭蓋内主幹動脈に異常は認めなかった。
S2: 頭部MRAでは頭蓋内主幹動脈に有意狭窄などは認めなかった。","C. 二つの文は大まかに同等だが、いくつかの重要な情報が異なっていたり欠けている。
S1: 臼歯部咬合関係は左右側ともAngelI級であった。
S2: 第一大臼歯部咬合関係は左右側ともにAngel H級であった。","D. 二つの文は同等ではないが、いくつかの詳細を共有している。
S1: 現在、保定開始後3年8ヶ月を経過している。
S2: 現在、保定12ヶ月を経過し、咬合状態は安定している。","E. 二つの文は同等ではないが、同じトピックに関している。
S1: その後臼歯拳上型スプリントを装着したが効果はなかった。
S2: 次に上顎にスプリントを装着し症状の軽減をはかりながら咬合位を確立していった。","F. 二つの文は完全に似ていない。
S1: しかし、自験例のように耐糖能異常のない症例は稀であった。
S2: しかし、自験例の病歴聴取では誘閣となるものは否定的であった。",B
"以下の2つの文の意味の類似度は？
S1: 11)症例に対する考察:小臼歯の抜歯により、前歯部が後退して、口唇部突出感が消失し、良好なるプロファイルが得られたと思う
S2: 11)治療に対する考察:上顎左右小臼歯抜歯により十分な前歯の後方移動が行うことができ、上顎の前突感が消失し口唇閉鎖不全も改善、良好な咬合が得られた","A. 二つの文は完全に同等で、意味が同じである。
S1: 1例は血尿が消失しなかったため膀胱全摘除術を施工した。
S2: 1例は血尿が消失せず膀胱全摘除術を施行した。","B. 二つの文はほぼ同等だが、いくつかの重要ではない詳細が異なる。
S1: 頭部MRAでは、頭蓋内主幹動脈に異常は認めなかった。
S2: 頭部MRAでは頭蓋内主幹動脈に有意狭窄などは認めなかった。","C. 二つの文は大まかに同等だが、いくつかの重要な情報が異なっていたり欠けている。
S1: 臼歯部咬合関係は左右側ともAngelI級であった。
S2: 第一大臼歯部咬合関係は左右側ともにAngel H級であった。","D. 二つの文は同等ではないが、いくつかの詳細を共有している。
S1: 現在、保定開始後3年8ヶ月を経過している。
S2: 現在、保定12ヶ月を経過し、咬合状態は安定している。","E. 二つの文は同等ではないが、同じトピックに関している。
S1: その後臼歯拳上型スプリントを装着したが効果はなかった。
S2: 次に上顎にスプリントを装着し症状の軽減をはかりながら咬合位を確立していった。","F. 二つの文は完全に似ていない。
S1: しかし、自験例のように耐糖能異常のない症例は稀であった。
S2: しかし、自験例の病歴聴取では誘閣となるものは否定的であった。",B
"以下の2つの文の意味の類似度は？
S1: 30歳代にもっとも多く,症状(主・副)初発年齢から手術までの期聞は5年までが約半数で,10年までがほぼ全例であった
S2: 30歳代にもっとも多くみられ,症状(主,副)初発から腸手術までの期間は,5年までが約半数,10年までがほぼ全例であった","A. 二つの文は完全に同等で、意味が同じである。
S1: 1例は血尿が消失しなかったため膀胱全摘除術を施工した。
S2: 1例は血尿が消失せず膀胱全摘除術を施行した。","B. 二つの文はほぼ同等だが、いくつかの重要ではない詳細が異なる。
S1: 頭部MRAでは、頭蓋内主幹動脈に異常は認めなかった。
S2: 頭部MRAでは頭蓋内主幹動脈に有意狭窄などは認めなかった。","C. 二つの文は大まかに同等だが、いくつかの重要な情報が異なっていたり欠けている。
S1: 臼歯部咬合関係は左右側ともAngelI級であった。
S2: 第一大臼歯部咬合関係は左右側ともにAngel H級であった。","D. 二つの文は同等ではないが、いくつかの詳細を共有している。
S1: 現在、保定開始後3年8ヶ月を経過している。
S2: 現在、保定12ヶ月を経過し、咬合状態は安定している。","E. 二つの文は同等ではないが、同じトピックに関している。
S1: その後臼歯拳上型スプリントを装着したが効果はなかった。
S2: 次に上顎にスプリントを装着し症状の軽減をはかりながら咬合位を確立していった。","F. 二つの文は完全に似ていない。
S1: しかし、自験例のように耐糖能異常のない症例は稀であった。
S2: しかし、自験例の病歴聴取では誘閣となるものは否定的であった。",B
"以下の2つの文の意味の類似度は？
S1: 現在保定3年が経過したが,咬合状態は良好である
S2: 現在,保定4年が経過したが,咬合状態は良好である","A. 二つの文は完全に同等で、意味が同じである。
S1: 1例は血尿が消失しなかったため膀胱全摘除術を施工した。
S2: 1例は血尿が消失せず膀胱全摘除術を施行した。","B. 二つの文はほぼ同等だが、いくつかの重要ではない詳細が異なる。
S1: 頭部MRAでは、頭蓋内主幹動脈に異常は認めなかった。
S2: 頭部MRAでは頭蓋内主幹動脈に有意狭窄などは認めなかった。","C. 二つの文は大まかに同等だが、いくつかの重要な情報が異なっていたり欠けている。
S1: 臼歯部咬合関係は左右側ともAngelI級であった。
S2: 第一大臼歯部咬合関係は左右側ともにAngel H級であった。","D. 二つの文は同等ではないが、いくつかの詳細を共有している。
S1: 現在、保定開始後3年8ヶ月を経過している。
S2: 現在、保定12ヶ月を経過し、咬合状態は安定している。","E. 二つの文は同等ではないが、同じトピックに関している。
S1: その後臼歯拳上型スプリントを装着したが効果はなかった。
S2: 次に上顎にスプリントを装着し症状の軽減をはかりながら咬合位を確立していった。","F. 二つの文は完全に似ていない。
S1: しかし、自験例のように耐糖能異常のない症例は稀であった。
S2: しかし、自験例の病歴聴取では誘閣となるものは否定的であった。",B
"以下の2つの文の意味の類似度は？
S1: 術後2年半経過した現在再発を認めていない
S2: 術後2年経過した現在も再発兆候を認めていない","A. 二つの文は完全に同等で、意味が同じである。
S1: 1例は血尿が消失しなかったため膀胱全摘除術を施工した。
S2: 1例は血尿が消失せず膀胱全摘除術を施行した。","B. 二つの文はほぼ同等だが、いくつかの重要ではない詳細が異なる。
S1: 頭部MRAでは、頭蓋内主幹動脈に異常は認めなかった。
S2: 頭部MRAでは頭蓋内主幹動脈に有意狭窄などは認めなかった。","C. 二つの文は大まかに同等だが、いくつかの重要な情報が異なっていたり欠けている。
S1: 臼歯部咬合関係は左右側ともAngelI級であった。
S2: 第一大臼歯部咬合関係は左右側ともにAngel H級であった。","D. 二つの文は同等ではないが、いくつかの詳細を共有している。
S1: 現在、保定開始後3年8ヶ月を経過している。
S2: 現在、保定12ヶ月を経過し、咬合状態は安定している。","E. 二つの文は同等ではないが、同じトピックに関している。
S1: その後臼歯拳上型スプリントを装着したが効果はなかった。
S2: 次に上顎にスプリントを装着し症状の軽減をはかりながら咬合位を確立していった。","F. 二つの文は完全に似ていない。
S1: しかし、自験例のように耐糖能異常のない症例は稀であった。
S2: しかし、自験例の病歴聴取では誘閣となるものは否定的であった。",B
"以下の2つの文の意味の類似度は？
S1: 入院時検査所見:血液生化学検査に異常なかった
S2: 入院時検査所見:血清,生化学所見に異常所見は認められなかった","A. 二つの文は完全に同等で、意味が同じである。
S1: 1例は血尿が消失しなかったため膀胱全摘除術を施工した。
S2: 1例は血尿が消失せず膀胱全摘除術を施行した。","B. 二つの文はほぼ同等だが、いくつかの重要ではない詳細が異なる。
S1: 頭部MRAでは、頭蓋内主幹動脈に異常は認めなかった。
S2: 頭部MRAでは頭蓋内主幹動脈に有意狭窄などは認めなかった。","C. 二つの文は大まかに同等だが、いくつかの重要な情報が異なっていたり欠けている。
S1: 臼歯部咬合関係は左右側ともAngelI級であった。
S2: 第一大臼歯部咬合関係は左右側ともにAngel H級であった。","D. 二つの文は同等ではないが、いくつかの詳細を共有している。
S1: 現在、保定開始後3年8ヶ月を経過している。
S2: 現在、保定12ヶ月を経過し、咬合状態は安定している。","E. 二つの文は同等ではないが、同じトピックに関している。
S1: その後臼歯拳上型スプリントを装着したが効果はなかった。
S2: 次に上顎にスプリントを装着し症状の軽減をはかりながら咬合位を確立していった。","F. 二つの文は完全に似ていない。
S1: しかし、自験例のように耐糖能異常のない症例は稀であった。
S2: しかし、自験例の病歴聴取では誘閣となるものは否定的であった。",B
"以下の2つの文の意味の類似度は？
S1: 入院時FIM93点(運動項目58点、認知項目35点)
S2: 入院時FIM64点(運動項目35点、認知項目29点)","A. 二つの文は完全に同等で、意味が同じである。
S1: 1例は血尿が消失しなかったため膀胱全摘除術を施工した。
S2: 1例は血尿が消失せず膀胱全摘除術を施行した。","B. 二つの文はほぼ同等だが、いくつかの重要ではない詳細が異なる。
S1: 頭部MRAでは、頭蓋内主幹動脈に異常は認めなかった。
S2: 頭部MRAでは頭蓋内主幹動脈に有意狭窄などは認めなかった。","C. 二つの文は大まかに同等だが、いくつかの重要な情報が異なっていたり欠けている。
S1: 臼歯部咬合関係は左右側ともAngelI級であった。
S2: 第一大臼歯部咬合関係は左右側ともにAngel H級であった。","D. 二つの文は同等ではないが、いくつかの詳細を共有している。
S1: 現在、保定開始後3年8ヶ月を経過している。
S2: 現在、保定12ヶ月を経過し、咬合状態は安定している。","E. 二つの文は同等ではないが、同じトピックに関している。
S1: その後臼歯拳上型スプリントを装着したが効果はなかった。
S2: 次に上顎にスプリントを装着し症状の軽減をはかりながら咬合位を確立していった。","F. 二つの文は完全に似ていない。
S1: しかし、自験例のように耐糖能異常のない症例は稀であった。
S2: しかし、自験例の病歴聴取では誘閣となるものは否定的であった。",B
"以下の2つの文の意味の類似度は？
S1: 初診時身体所見:身長164cm,体重58kg,体温35.8℃,脈拍72/min,血圧126/66㎜Hg
S2: 受診時身体所見:身長156cm,体重42kg,体温35.2℃,脈拍72/min,血圧126/66mmHg","A. 二つの文は完全に同等で、意味が同じである。
S1: 1例は血尿が消失しなかったため膀胱全摘除術を施工した。
S2: 1例は血尿が消失せず膀胱全摘除術を施行した。","B. 二つの文はほぼ同等だが、いくつかの重要ではない詳細が異なる。
S1: 頭部MRAでは、頭蓋内主幹動脈に異常は認めなかった。
S2: 頭部MRAでは頭蓋内主幹動脈に有意狭窄などは認めなかった。","C. 二つの文は大まかに同等だが、いくつかの重要な情報が異なっていたり欠けている。
S1: 臼歯部咬合関係は左右側ともAngelI級であった。
S2: 第一大臼歯部咬合関係は左右側ともにAngel H級であった。","D. 二つの文は同等ではないが、いくつかの詳細を共有している。
S1: 現在、保定開始後3年8ヶ月を経過している。
S2: 現在、保定12ヶ月を経過し、咬合状態は安定している。","E. 二つの文は同等ではないが、同じトピックに関している。
S1: その後臼歯拳上型スプリントを装着したが効果はなかった。
S2: 次に上顎にスプリントを装着し症状の軽減をはかりながら咬合位を確立していった。","F. 二つの文は完全に似ていない。
S1: しかし、自験例のように耐糖能異常のない症例は稀であった。
S2: しかし、自験例の病歴聴取では誘閣となるものは否定的であった。",B
"以下の2つの文の意味の類似度は？
S1: これより十二指腸粘膜下腫瘍の診断にて十二指腸部分切除術を施行した
S2: 以上よりR病に合併した小腸粘膜下腫瘍の診断で小腸部分切除術を施行した","A. 二つの文は完全に同等で、意味が同じである。
S1: 1例は血尿が消失しなかったため膀胱全摘除術を施工した。
S2: 1例は血尿が消失せず膀胱全摘除術を施行した。","B. 二つの文はほぼ同等だが、いくつかの重要ではない詳細が異なる。
S1: 頭部MRAでは、頭蓋内主幹動脈に異常は認めなかった。
S2: 頭部MRAでは頭蓋内主幹動脈に有意狭窄などは認めなかった。","C. 二つの文は大まかに同等だが、いくつかの重要な情報が異なっていたり欠けている。
S1: 臼歯部咬合関係は左右側ともAngelI級であった。
S2: 第一大臼歯部咬合関係は左右側ともにAngel H級であった。","D. 二つの文は同等ではないが、いくつかの詳細を共有している。
S1: 現在、保定開始後3年8ヶ月を経過している。
S2: 現在、保定12ヶ月を経過し、咬合状態は安定している。","E. 二つの文は同等ではないが、同じトピックに関している。
S1: その後臼歯拳上型スプリントを装着したが効果はなかった。
S2: 次に上顎にスプリントを装着し症状の軽減をはかりながら咬合位を確立していった。","F. 二つの文は完全に似ていない。
S1: しかし、自験例のように耐糖能異常のない症例は稀であった。
S2: しかし、自験例の病歴聴取では誘閣となるものは否定的であった。",C
"以下の2つの文の意味の類似度は？
S1: 嚢胞症例では1週闘以内が2例,1週閥～1カ月以内はなく,1カ月～1年以内が3例,i年以上が1例であった
S2: 腫瘍では1週閥以内が1例,1週聞～1カ月以内が1例,1カ月～1年以内が2例,1年以1二はみられなかった(錘5)","A. 二つの文は完全に同等で、意味が同じである。
S1: 1例は血尿が消失しなかったため膀胱全摘除術を施工した。
S2: 1例は血尿が消失せず膀胱全摘除術を施行した。","B. 二つの文はほぼ同等だが、いくつかの重要ではない詳細が異なる。
S1: 頭部MRAでは、頭蓋内主幹動脈に異常は認めなかった。
S2: 頭部MRAでは頭蓋内主幹動脈に有意狭窄などは認めなかった。","C. 二つの文は大まかに同等だが、いくつかの重要な情報が異なっていたり欠けている。
S1: 臼歯部咬合関係は左右側ともAngelI級であった。
S2: 第一大臼歯部咬合関係は左右側ともにAngel H級であった。","D. 二つの文は同等ではないが、いくつかの詳細を共有している。
S1: 現在、保定開始後3年8ヶ月を経過している。
S2: 現在、保定12ヶ月を経過し、咬合状態は安定している。","E. 二つの文は同等ではないが、同じトピックに関している。
S1: その後臼歯拳上型スプリントを装着したが効果はなかった。
S2: 次に上顎にスプリントを装着し症状の軽減をはかりながら咬合位を確立していった。","F. 二つの文は完全に似ていない。
S1: しかし、自験例のように耐糖能異常のない症例は稀であった。
S2: しかし、自験例の病歴聴取では誘閣となるものは否定的であった。",C
"以下の2つの文の意味の類似度は？
S1: 今回われわれは術後再発症例を経験したので報告する
S2: 今回われわれは,その一例を経験したのでここに報告する","A. 二つの文は完全に同等で、意味が同じである。
S1: 1例は血尿が消失しなかったため膀胱全摘除術を施工した。
S2: 1例は血尿が消失せず膀胱全摘除術を施行した。","B. 二つの文はほぼ同等だが、いくつかの重要ではない詳細が異なる。
S1: 頭部MRAでは、頭蓋内主幹動脈に異常は認めなかった。
S2: 頭部MRAでは頭蓋内主幹動脈に有意狭窄などは認めなかった。","C. 二つの文は大まかに同等だが、いくつかの重要な情報が異なっていたり欠けている。
S1: 臼歯部咬合関係は左右側ともAngelI級であった。
S2: 第一大臼歯部咬合関係は左右側ともにAngel H級であった。","D. 二つの文は同等ではないが、いくつかの詳細を共有している。
S1: 現在、保定開始後3年8ヶ月を経過している。
S2: 現在、保定12ヶ月を経過し、咬合状態は安定している。","E. 二つの文は同等ではないが、同じトピックに関している。
S1: その後臼歯拳上型スプリントを装着したが効果はなかった。
S2: 次に上顎にスプリントを装着し症状の軽減をはかりながら咬合位を確立していった。","F. 二つの文は完全に似ていない。
S1: しかし、自験例のように耐糖能異常のない症例は稀であった。
S2: しかし、自験例の病歴聴取では誘閣となるものは否定的であった。",C
"以下の2つの文の意味の類似度は？
S1: 5)口腔内X線写真所見:上下顎第三大臼歯が存在
S2: 5)口腔内X線写真所見:年齢の割には上下左右第三大臼歯の形成が良い","A. 二つの文は完全に同等で、意味が同じである。
S1: 1例は血尿が消失しなかったため膀胱全摘除術を施工した。
S2: 1例は血尿が消失せず膀胱全摘除術を施行した。","B. 二つの文はほぼ同等だが、いくつかの重要ではない詳細が異なる。
S1: 頭部MRAでは、頭蓋内主幹動脈に異常は認めなかった。
S2: 頭部MRAでは頭蓋内主幹動脈に有意狭窄などは認めなかった。","C. 二つの文は大まかに同等だが、いくつかの重要な情報が異なっていたり欠けている。
S1: 臼歯部咬合関係は左右側ともAngelI級であった。
S2: 第一大臼歯部咬合関係は左右側ともにAngel H級であった。","D. 二つの文は同等ではないが、いくつかの詳細を共有している。
S1: 現在、保定開始後3年8ヶ月を経過している。
S2: 現在、保定12ヶ月を経過し、咬合状態は安定している。","E. 二つの文は同等ではないが、同じトピックに関している。
S1: その後臼歯拳上型スプリントを装着したが効果はなかった。
S2: 次に上顎にスプリントを装着し症状の軽減をはかりながら咬合位を確立していった。","F. 二つの文は完全に似ていない。
S1: しかし、自験例のように耐糖能異常のない症例は稀であった。
S2: しかし、自験例の病歴聴取では誘閣となるものは否定的であった。",C
"以下の2つの文の意味の類似度は？
S1: 下顎左右に智歯が認められ,左右ともに水平に埋伏している
S2: 上顎右側下顎左右に智歯が認められ,下顎の智歯は左右ともに水平に埋伏している","A. 二つの文は完全に同等で、意味が同じである。
S1: 1例は血尿が消失しなかったため膀胱全摘除術を施工した。
S2: 1例は血尿が消失せず膀胱全摘除術を施行した。","B. 二つの文はほぼ同等だが、いくつかの重要ではない詳細が異なる。
S1: 頭部MRAでは、頭蓋内主幹動脈に異常は認めなかった。
S2: 頭部MRAでは頭蓋内主幹動脈に有意狭窄などは認めなかった。","C. 二つの文は大まかに同等だが、いくつかの重要な情報が異なっていたり欠けている。
S1: 臼歯部咬合関係は左右側ともAngelI級であった。
S2: 第一大臼歯部咬合関係は左右側ともにAngel H級であった。","D. 二つの文は同等ではないが、いくつかの詳細を共有している。
S1: 現在、保定開始後3年8ヶ月を経過している。
S2: 現在、保定12ヶ月を経過し、咬合状態は安定している。","E. 二つの文は同等ではないが、同じトピックに関している。
S1: その後臼歯拳上型スプリントを装着したが効果はなかった。
S2: 次に上顎にスプリントを装着し症状の軽減をはかりながら咬合位を確立していった。","F. 二つの文は完全に似ていない。
S1: しかし、自験例のように耐糖能異常のない症例は稀であった。
S2: しかし、自験例の病歴聴取では誘閣となるものは否定的であった。",C
"以下の2つの文の意味の類似度は？
S1: 左乳房BDE領域に発赤を伴う8.5×7.5cmの軟らかい腫瘤
S2: 右乳房DB領域に皮膚発赤を伴う5.5×4.5cmの軟らかい腫瘤","A. 二つの文は完全に同等で、意味が同じである。
S1: 1例は血尿が消失しなかったため膀胱全摘除術を施工した。
S2: 1例は血尿が消失せず膀胱全摘除術を施行した。","B. 二つの文はほぼ同等だが、いくつかの重要ではない詳細が異なる。
S1: 頭部MRAでは、頭蓋内主幹動脈に異常は認めなかった。
S2: 頭部MRAでは頭蓋内主幹動脈に有意狭窄などは認めなかった。","C. 二つの文は大まかに同等だが、いくつかの重要な情報が異なっていたり欠けている。
S1: 臼歯部咬合関係は左右側ともAngelI級であった。
S2: 第一大臼歯部咬合関係は左右側ともにAngel H級であった。","D. 二つの文は同等ではないが、いくつかの詳細を共有している。
S1: 現在、保定開始後3年8ヶ月を経過している。
S2: 現在、保定12ヶ月を経過し、咬合状態は安定している。","E. 二つの文は同等ではないが、同じトピックに関している。
S1: その後臼歯拳上型スプリントを装着したが効果はなかった。
S2: 次に上顎にスプリントを装着し症状の軽減をはかりながら咬合位を確立していった。","F. 二つの文は完全に似ていない。
S1: しかし、自験例のように耐糖能異常のない症例は稀であった。
S2: しかし、自験例の病歴聴取では誘閣となるものは否定的であった。",C
"以下の2つの文の意味の類似度は？
S1: 5)口腔内X線写真所見:巫の歯胚が認められる
S2: 5)口腔内X線所見:上下左右に第三大臼歯の存在が認められる","A. 二つの文は完全に同等で、意味が同じである。
S1: 1例は血尿が消失しなかったため膀胱全摘除術を施工した。
S2: 1例は血尿が消失せず膀胱全摘除術を施行した。","B. 二つの文はほぼ同等だが、いくつかの重要ではない詳細が異なる。
S1: 頭部MRAでは、頭蓋内主幹動脈に異常は認めなかった。
S2: 頭部MRAでは頭蓋内主幹動脈に有意狭窄などは認めなかった。","C. 二つの文は大まかに同等だが、いくつかの重要な情報が異なっていたり欠けている。
S1: 臼歯部咬合関係は左右側ともAngelI級であった。
S2: 第一大臼歯部咬合関係は左右側ともにAngel H級であった。","D. 二つの文は同等ではないが、いくつかの詳細を共有している。
S1: 現在、保定開始後3年8ヶ月を経過している。
S2: 現在、保定12ヶ月を経過し、咬合状態は安定している。","E. 二つの文は同等ではないが、同じトピックに関している。
S1: その後臼歯拳上型スプリントを装着したが効果はなかった。
S2: 次に上顎にスプリントを装着し症状の軽減をはかりながら咬合位を確立していった。","F. 二つの文は完全に似ていない。
S1: しかし、自験例のように耐糖能異常のない症例は稀であった。
S2: しかし、自験例の病歴聴取では誘閣となるものは否定的であった。",C
"以下の2つの文の意味の類似度は？
S1: 現病歴:突然発症した右上腹部痛を主訴に当院を受診した
S2: 現病歴:突然発症した右季肋部痛と嘔吐を主訴に当院を受診した","A. 二つの文は完全に同等で、意味が同じである。
S1: 1例は血尿が消失しなかったため膀胱全摘除術を施工した。
S2: 1例は血尿が消失せず膀胱全摘除術を施行した。","B. 二つの文はほぼ同等だが、いくつかの重要ではない詳細が異なる。
S1: 頭部MRAでは、頭蓋内主幹動脈に異常は認めなかった。
S2: 頭部MRAでは頭蓋内主幹動脈に有意狭窄などは認めなかった。","C. 二つの文は大まかに同等だが、いくつかの重要な情報が異なっていたり欠けている。
S1: 臼歯部咬合関係は左右側ともAngelI級であった。
S2: 第一大臼歯部咬合関係は左右側ともにAngel H級であった。","D. 二つの文は同等ではないが、いくつかの詳細を共有している。
S1: 現在、保定開始後3年8ヶ月を経過している。
S2: 現在、保定12ヶ月を経過し、咬合状態は安定している。","E. 二つの文は同等ではないが、同じトピックに関している。
S1: その後臼歯拳上型スプリントを装着したが効果はなかった。
S2: 次に上顎にスプリントを装着し症状の軽減をはかりながら咬合位を確立していった。","F. 二つの文は完全に似ていない。
S1: しかし、自験例のように耐糖能異常のない症例は稀であった。
S2: しかし、自験例の病歴聴取では誘閣となるものは否定的であった。",C
"以下の2つの文の意味の類似度は？
S1: 5)口腔内X線所見:下顎左右第三大臼歯の歯胚を認める
S2: 5)口腔内X線所見:上顎両側第二大臼歯の歯胚が認められた","A. 二つの文は完全に同等で、意味が同じである。
S1: 1例は血尿が消失しなかったため膀胱全摘除術を施工した。
S2: 1例は血尿が消失せず膀胱全摘除術を施行した。","B. 二つの文はほぼ同等だが、いくつかの重要ではない詳細が異なる。
S1: 頭部MRAでは、頭蓋内主幹動脈に異常は認めなかった。
S2: 頭部MRAでは頭蓋内主幹動脈に有意狭窄などは認めなかった。","C. 二つの文は大まかに同等だが、いくつかの重要な情報が異なっていたり欠けている。
S1: 臼歯部咬合関係は左右側ともAngelI級であった。
S2: 第一大臼歯部咬合関係は左右側ともにAngel H級であった。","D. 二つの文は同等ではないが、いくつかの詳細を共有している。
S1: 現在、保定開始後3年8ヶ月を経過している。
S2: 現在、保定12ヶ月を経過し、咬合状態は安定している。","E. 二つの文は同等ではないが、同じトピックに関している。
S1: その後臼歯拳上型スプリントを装着したが効果はなかった。
S2: 次に上顎にスプリントを装着し症状の軽減をはかりながら咬合位を確立していった。","F. 二つの文は完全に似ていない。
S1: しかし、自験例のように耐糖能異常のない症例は稀であった。
S2: しかし、自験例の病歴聴取では誘閣となるものは否定的であった。",C
"以下の2つの文の意味の類似度は？
S1: 即ち,左手母指のイボNo.1は,施術期間61日
S2: 即ち,左手の手掌のイボNo.5は,施術期間90日","A. 二つの文は完全に同等で、意味が同じである。
S1: 1例は血尿が消失しなかったため膀胱全摘除術を施工した。
S2: 1例は血尿が消失せず膀胱全摘除術を施行した。","B. 二つの文はほぼ同等だが、いくつかの重要ではない詳細が異なる。
S1: 頭部MRAでは、頭蓋内主幹動脈に異常は認めなかった。
S2: 頭部MRAでは頭蓋内主幹動脈に有意狭窄などは認めなかった。","C. 二つの文は大まかに同等だが、いくつかの重要な情報が異なっていたり欠けている。
S1: 臼歯部咬合関係は左右側ともAngelI級であった。
S2: 第一大臼歯部咬合関係は左右側ともにAngel H級であった。","D. 二つの文は同等ではないが、いくつかの詳細を共有している。
S1: 現在、保定開始後3年8ヶ月を経過している。
S2: 現在、保定12ヶ月を経過し、咬合状態は安定している。","E. 二つの文は同等ではないが、同じトピックに関している。
S1: その後臼歯拳上型スプリントを装着したが効果はなかった。
S2: 次に上顎にスプリントを装着し症状の軽減をはかりながら咬合位を確立していった。","F. 二つの文は完全に似ていない。
S1: しかし、自験例のように耐糖能異常のない症例は稀であった。
S2: しかし、自験例の病歴聴取では誘閣となるものは否定的であった。",C
"以下の2つの文の意味の類似度は？
S1: 今回,我kはこの一例を経験したので若干の文献的考察を加えて報告する
S2: 今回,我々は新生児副腎膿瘍の1例を経験したので若干の文献的考察を加えて報告する","A. 二つの文は完全に同等で、意味が同じである。
S1: 1例は血尿が消失しなかったため膀胱全摘除術を施工した。
S2: 1例は血尿が消失せず膀胱全摘除術を施行した。","B. 二つの文はほぼ同等だが、いくつかの重要ではない詳細が異なる。
S1: 頭部MRAでは、頭蓋内主幹動脈に異常は認めなかった。
S2: 頭部MRAでは頭蓋内主幹動脈に有意狭窄などは認めなかった。","C. 二つの文は大まかに同等だが、いくつかの重要な情報が異なっていたり欠けている。
S1: 臼歯部咬合関係は左右側ともAngelI級であった。
S2: 第一大臼歯部咬合関係は左右側ともにAngel H級であった。","D. 二つの文は同等ではないが、いくつかの詳細を共有している。
S1: 現在、保定開始後3年8ヶ月を経過している。
S2: 現在、保定12ヶ月を経過し、咬合状態は安定している。","E. 二つの文は同等ではないが、同じトピックに関している。
S1: その後臼歯拳上型スプリントを装着したが効果はなかった。
S2: 次に上顎にスプリントを装着し症状の軽減をはかりながら咬合位を確立していった。","F. 二つの文は完全に似ていない。
S1: しかし、自験例のように耐糖能異常のない症例は稀であった。
S2: しかし、自験例の病歴聴取では誘閣となるものは否定的であった。",C
"以下の2つの文の意味の類似度は？
S1: 妊娠38週4日に,自然に陣痛発来し,産科に入院
S2: 妊娠38週4日,自然に陣痛発来し,3120gの女児を出産","A. 二つの文は完全に同等で、意味が同じである。
S1: 1例は血尿が消失しなかったため膀胱全摘除術を施工した。
S2: 1例は血尿が消失せず膀胱全摘除術を施行した。","B. 二つの文はほぼ同等だが、いくつかの重要ではない詳細が異なる。
S1: 頭部MRAでは、頭蓋内主幹動脈に異常は認めなかった。
S2: 頭部MRAでは頭蓋内主幹動脈に有意狭窄などは認めなかった。","C. 二つの文は大まかに同等だが、いくつかの重要な情報が異なっていたり欠けている。
S1: 臼歯部咬合関係は左右側ともAngelI級であった。
S2: 第一大臼歯部咬合関係は左右側ともにAngel H級であった。","D. 二つの文は同等ではないが、いくつかの詳細を共有している。
S1: 現在、保定開始後3年8ヶ月を経過している。
S2: 現在、保定12ヶ月を経過し、咬合状態は安定している。","E. 二つの文は同等ではないが、同じトピックに関している。
S1: その後臼歯拳上型スプリントを装着したが効果はなかった。
S2: 次に上顎にスプリントを装着し症状の軽減をはかりながら咬合位を確立していった。","F. 二つの文は完全に似ていない。
S1: しかし、自験例のように耐糖能異常のない症例は稀であった。
S2: しかし、自験例の病歴聴取では誘閣となるものは否定的であった。",C
"以下の2つの文の意味の類似度は？
S1: しかしながら,第275病日に食欲の低下が認められ,体重は2.9kgに減少した
S2: 第275病日に食欲の低下と体重の減少が認められ,血液検査では,腎数値の上昇と貧血が認められた","A. 二つの文は完全に同等で、意味が同じである。
S1: 1例は血尿が消失しなかったため膀胱全摘除術を施工した。
S2: 1例は血尿が消失せず膀胱全摘除術を施行した。","B. 二つの文はほぼ同等だが、いくつかの重要ではない詳細が異なる。
S1: 頭部MRAでは、頭蓋内主幹動脈に異常は認めなかった。
S2: 頭部MRAでは頭蓋内主幹動脈に有意狭窄などは認めなかった。","C. 二つの文は大まかに同等だが、いくつかの重要な情報が異なっていたり欠けている。
S1: 臼歯部咬合関係は左右側ともAngelI級であった。
S2: 第一大臼歯部咬合関係は左右側ともにAngel H級であった。","D. 二つの文は同等ではないが、いくつかの詳細を共有している。
S1: 現在、保定開始後3年8ヶ月を経過している。
S2: 現在、保定12ヶ月を経過し、咬合状態は安定している。","E. 二つの文は同等ではないが、同じトピックに関している。
S1: その後臼歯拳上型スプリントを装着したが効果はなかった。
S2: 次に上顎にスプリントを装着し症状の軽減をはかりながら咬合位を確立していった。","F. 二つの文は完全に似ていない。
S1: しかし、自験例のように耐糖能異常のない症例は稀であった。
S2: しかし、自験例の病歴聴取では誘閣となるものは否定的であった。",C
"以下の2つの文の意味の類似度は？
S1: 5)口腔内X線所見:上下顎左右第三大臼歯を認める
S2: 5)口腔内X線所見:下顎左右第三大臼歯の水平埋伏を認める","A. 二つの文は完全に同等で、意味が同じである。
S1: 1例は血尿が消失しなかったため膀胱全摘除術を施工した。
S2: 1例は血尿が消失せず膀胱全摘除術を施行した。","B. 二つの文はほぼ同等だが、いくつかの重要ではない詳細が異なる。
S1: 頭部MRAでは、頭蓋内主幹動脈に異常は認めなかった。
S2: 頭部MRAでは頭蓋内主幹動脈に有意狭窄などは認めなかった。","C. 二つの文は大まかに同等だが、いくつかの重要な情報が異なっていたり欠けている。
S1: 臼歯部咬合関係は左右側ともAngelI級であった。
S2: 第一大臼歯部咬合関係は左右側ともにAngel H級であった。","D. 二つの文は同等ではないが、いくつかの詳細を共有している。
S1: 現在、保定開始後3年8ヶ月を経過している。
S2: 現在、保定12ヶ月を経過し、咬合状態は安定している。","E. 二つの文は同等ではないが、同じトピックに関している。
S1: その後臼歯拳上型スプリントを装着したが効果はなかった。
S2: 次に上顎にスプリントを装着し症状の軽減をはかりながら咬合位を確立していった。","F. 二つの文は完全に似ていない。
S1: しかし、自験例のように耐糖能異常のない症例は稀であった。
S2: しかし、自験例の病歴聴取では誘閣となるものは否定的であった。",C
"以下の2つの文の意味の類似度は？
S1: 後腹膜血腫で発症したSegmental　arterial　mediolysisの1例
S2: 胆嚢炎と十二指腸狭窄を合併したsegmentalarterial　mediolysisの1例","A. 二つの文は完全に同等で、意味が同じである。
S1: 1例は血尿が消失しなかったため膀胱全摘除術を施工した。
S2: 1例は血尿が消失せず膀胱全摘除術を施行した。","B. 二つの文はほぼ同等だが、いくつかの重要ではない詳細が異なる。
S1: 頭部MRAでは、頭蓋内主幹動脈に異常は認めなかった。
S2: 頭部MRAでは頭蓋内主幹動脈に有意狭窄などは認めなかった。","C. 二つの文は大まかに同等だが、いくつかの重要な情報が異なっていたり欠けている。
S1: 臼歯部咬合関係は左右側ともAngelI級であった。
S2: 第一大臼歯部咬合関係は左右側ともにAngel H級であった。","D. 二つの文は同等ではないが、いくつかの詳細を共有している。
S1: 現在、保定開始後3年8ヶ月を経過している。
S2: 現在、保定12ヶ月を経過し、咬合状態は安定している。","E. 二つの文は同等ではないが、同じトピックに関している。
S1: その後臼歯拳上型スプリントを装着したが効果はなかった。
S2: 次に上顎にスプリントを装着し症状の軽減をはかりながら咬合位を確立していった。","F. 二つの文は完全に似ていない。
S1: しかし、自験例のように耐糖能異常のない症例は稀であった。
S2: しかし、自験例の病歴聴取では誘閣となるものは否定的であった。",C
"以下の2つの文の意味の類似度は？
S1: 腹腔動脈領域の非破裂segmental　arterial　mediolysisの1例
S2: 突然の心窩部,背部痛で発症したsegmental　arterial　mediolysisの1例","A. 二つの文は完全に同等で、意味が同じである。
S1: 1例は血尿が消失しなかったため膀胱全摘除術を施工した。
S2: 1例は血尿が消失せず膀胱全摘除術を施行した。","B. 二つの文はほぼ同等だが、いくつかの重要ではない詳細が異なる。
S1: 頭部MRAでは、頭蓋内主幹動脈に異常は認めなかった。
S2: 頭部MRAでは頭蓋内主幹動脈に有意狭窄などは認めなかった。","C. 二つの文は大まかに同等だが、いくつかの重要な情報が異なっていたり欠けている。
S1: 臼歯部咬合関係は左右側ともAngelI級であった。
S2: 第一大臼歯部咬合関係は左右側ともにAngel H級であった。","D. 二つの文は同等ではないが、いくつかの詳細を共有している。
S1: 現在、保定開始後3年8ヶ月を経過している。
S2: 現在、保定12ヶ月を経過し、咬合状態は安定している。","E. 二つの文は同等ではないが、同じトピックに関している。
S1: その後臼歯拳上型スプリントを装着したが効果はなかった。
S2: 次に上顎にスプリントを装着し症状の軽減をはかりながら咬合位を確立していった。","F. 二つの文は完全に似ていない。
S1: しかし、自験例のように耐糖能異常のない症例は稀であった。
S2: しかし、自験例の病歴聴取では誘閣となるものは否定的であった。",C
"以下の2つの文の意味の類似度は？
S1: 5)口腔内X線写真所見:上下顎第三大臼歯が存在
S2: 5)口腔内X線写真所見:上下顎左右第3大臼歯は認められなかった","A. 二つの文は完全に同等で、意味が同じである。
S1: 1例は血尿が消失しなかったため膀胱全摘除術を施工した。
S2: 1例は血尿が消失せず膀胱全摘除術を施行した。","B. 二つの文はほぼ同等だが、いくつかの重要ではない詳細が異なる。
S1: 頭部MRAでは、頭蓋内主幹動脈に異常は認めなかった。
S2: 頭部MRAでは頭蓋内主幹動脈に有意狭窄などは認めなかった。","C. 二つの文は大まかに同等だが、いくつかの重要な情報が異なっていたり欠けている。
S1: 臼歯部咬合関係は左右側ともAngelI級であった。
S2: 第一大臼歯部咬合関係は左右側ともにAngel H級であった。","D. 二つの文は同等ではないが、いくつかの詳細を共有している。
S1: 現在、保定開始後3年8ヶ月を経過している。
S2: 現在、保定12ヶ月を経過し、咬合状態は安定している。","E. 二つの文は同等ではないが、同じトピックに関している。
S1: その後臼歯拳上型スプリントを装着したが効果はなかった。
S2: 次に上顎にスプリントを装着し症状の軽減をはかりながら咬合位を確立していった。","F. 二つの文は完全に似ていない。
S1: しかし、自験例のように耐糖能異常のない症例は稀であった。
S2: しかし、自験例の病歴聴取では誘閣となるものは否定的であった。",C
"以下の2つの文の意味の類似度は？
S1: 入院時検査成績:血算ではHb12.6g/dlと軽度の貧血を認め,血液生化学検査・腫瘍マーカーは正常範囲内であった
S2: 入院時血液検査所見:血液検査ではHb11.6g/d!と軽度の正球性正色素性貧血を認めたが,明らかな出血傾向は認めなかった","A. 二つの文は完全に同等で、意味が同じである。
S1: 1例は血尿が消失しなかったため膀胱全摘除術を施工した。
S2: 1例は血尿が消失せず膀胱全摘除術を施行した。","B. 二つの文はほぼ同等だが、いくつかの重要ではない詳細が異なる。
S1: 頭部MRAでは、頭蓋内主幹動脈に異常は認めなかった。
S2: 頭部MRAでは頭蓋内主幹動脈に有意狭窄などは認めなかった。","C. 二つの文は大まかに同等だが、いくつかの重要な情報が異なっていたり欠けている。
S1: 臼歯部咬合関係は左右側ともAngelI級であった。
S2: 第一大臼歯部咬合関係は左右側ともにAngel H級であった。","D. 二つの文は同等ではないが、いくつかの詳細を共有している。
S1: 現在、保定開始後3年8ヶ月を経過している。
S2: 現在、保定12ヶ月を経過し、咬合状態は安定している。","E. 二つの文は同等ではないが、同じトピックに関している。
S1: その後臼歯拳上型スプリントを装着したが効果はなかった。
S2: 次に上顎にスプリントを装着し症状の軽減をはかりながら咬合位を確立していった。","F. 二つの文は完全に似ていない。
S1: しかし、自験例のように耐糖能異常のない症例は稀であった。
S2: しかし、自験例の病歴聴取では誘閣となるものは否定的であった。",D
"以下の2つの文の意味の類似度は？
S1: 姿勢の安定性や正中位保持獲得を目標にし、訓練開始3ヵ月後、正中位保持可能、非対称性は改善し、同時に眼振も徐々に改善
S2: 　irritability改善や姿勢の安定性を訓練目標にし、訓練開始2ヵ月後、非対称性は改善し、眼振も徐々に改善した","A. 二つの文は完全に同等で、意味が同じである。
S1: 1例は血尿が消失しなかったため膀胱全摘除術を施工した。
S2: 1例は血尿が消失せず膀胱全摘除術を施行した。","B. 二つの文はほぼ同等だが、いくつかの重要ではない詳細が異なる。
S1: 頭部MRAでは、頭蓋内主幹動脈に異常は認めなかった。
S2: 頭部MRAでは頭蓋内主幹動脈に有意狭窄などは認めなかった。","C. 二つの文は大まかに同等だが、いくつかの重要な情報が異なっていたり欠けている。
S1: 臼歯部咬合関係は左右側ともAngelI級であった。
S2: 第一大臼歯部咬合関係は左右側ともにAngel H級であった。","D. 二つの文は同等ではないが、いくつかの詳細を共有している。
S1: 現在、保定開始後3年8ヶ月を経過している。
S2: 現在、保定12ヶ月を経過し、咬合状態は安定している。","E. 二つの文は同等ではないが、同じトピックに関している。
S1: その後臼歯拳上型スプリントを装着したが効果はなかった。
S2: 次に上顎にスプリントを装着し症状の軽減をはかりながら咬合位を確立していった。","F. 二つの文は完全に似ていない。
S1: しかし、自験例のように耐糖能異常のない症例は稀であった。
S2: しかし、自験例の病歴聴取では誘閣となるものは否定的であった。",D
"以下の2つの文の意味の類似度は？
S1: 術後経過は良好で、術後3ヶ月を経過し外来にて経過観察中である
S2: 現在明らかな再発や術後合併症等認めず、外来にて経過観察中である","A. 二つの文は完全に同等で、意味が同じである。
S1: 1例は血尿が消失しなかったため膀胱全摘除術を施工した。
S2: 1例は血尿が消失せず膀胱全摘除術を施行した。","B. 二つの文はほぼ同等だが、いくつかの重要ではない詳細が異なる。
S1: 頭部MRAでは、頭蓋内主幹動脈に異常は認めなかった。
S2: 頭部MRAでは頭蓋内主幹動脈に有意狭窄などは認めなかった。","C. 二つの文は大まかに同等だが、いくつかの重要な情報が異なっていたり欠けている。
S1: 臼歯部咬合関係は左右側ともAngelI級であった。
S2: 第一大臼歯部咬合関係は左右側ともにAngel H級であった。","D. 二つの文は同等ではないが、いくつかの詳細を共有している。
S1: 現在、保定開始後3年8ヶ月を経過している。
S2: 現在、保定12ヶ月を経過し、咬合状態は安定している。","E. 二つの文は同等ではないが、同じトピックに関している。
S1: その後臼歯拳上型スプリントを装着したが効果はなかった。
S2: 次に上顎にスプリントを装着し症状の軽減をはかりながら咬合位を確立していった。","F. 二つの文は完全に似ていない。
S1: しかし、自験例のように耐糖能異常のない症例は稀であった。
S2: しかし、自験例の病歴聴取では誘閣となるものは否定的であった。",D
"以下の2つの文の意味の類似度は？
S1: その後マルチブラケット装置をっけ、動的治療期間は3年5ヵ月を要した
S2: 10)動的治療期間;2年6か月マルチブラケット装置による治療期間は2年1か月であった","A. 二つの文は完全に同等で、意味が同じである。
S1: 1例は血尿が消失しなかったため膀胱全摘除術を施工した。
S2: 1例は血尿が消失せず膀胱全摘除術を施行した。","B. 二つの文はほぼ同等だが、いくつかの重要ではない詳細が異なる。
S1: 頭部MRAでは、頭蓋内主幹動脈に異常は認めなかった。
S2: 頭部MRAでは頭蓋内主幹動脈に有意狭窄などは認めなかった。","C. 二つの文は大まかに同等だが、いくつかの重要な情報が異なっていたり欠けている。
S1: 臼歯部咬合関係は左右側ともAngelI級であった。
S2: 第一大臼歯部咬合関係は左右側ともにAngel H級であった。","D. 二つの文は同等ではないが、いくつかの詳細を共有している。
S1: 現在、保定開始後3年8ヶ月を経過している。
S2: 現在、保定12ヶ月を経過し、咬合状態は安定している。","E. 二つの文は同等ではないが、同じトピックに関している。
S1: その後臼歯拳上型スプリントを装着したが効果はなかった。
S2: 次に上顎にスプリントを装着し症状の軽減をはかりながら咬合位を確立していった。","F. 二つの文は完全に似ていない。
S1: しかし、自験例のように耐糖能異常のない症例は稀であった。
S2: しかし、自験例の病歴聴取では誘閣となるものは否定的であった。",D
"以下の2つの文の意味の類似度は？
S1: 2)初診時年齢および性別:33歳0か月女性3)顔貌所見:正貌左右対称、側貌straight　type
S2: 2)初診時年齢、性別:15歳2か月、男性3)顔貌所見:正貌はsymmetry、側貌はstraight　typeを示す","A. 二つの文は完全に同等で、意味が同じである。
S1: 1例は血尿が消失しなかったため膀胱全摘除術を施工した。
S2: 1例は血尿が消失せず膀胱全摘除術を施行した。","B. 二つの文はほぼ同等だが、いくつかの重要ではない詳細が異なる。
S1: 頭部MRAでは、頭蓋内主幹動脈に異常は認めなかった。
S2: 頭部MRAでは頭蓋内主幹動脈に有意狭窄などは認めなかった。","C. 二つの文は大まかに同等だが、いくつかの重要な情報が異なっていたり欠けている。
S1: 臼歯部咬合関係は左右側ともAngelI級であった。
S2: 第一大臼歯部咬合関係は左右側ともにAngel H級であった。","D. 二つの文は同等ではないが、いくつかの詳細を共有している。
S1: 現在、保定開始後3年8ヶ月を経過している。
S2: 現在、保定12ヶ月を経過し、咬合状態は安定している。","E. 二つの文は同等ではないが、同じトピックに関している。
S1: その後臼歯拳上型スプリントを装着したが効果はなかった。
S2: 次に上顎にスプリントを装着し症状の軽減をはかりながら咬合位を確立していった。","F. 二つの文は完全に似ていない。
S1: しかし、自験例のように耐糖能異常のない症例は稀であった。
S2: しかし、自験例の病歴聴取では誘閣となるものは否定的であった。",D
"以下の2つの文の意味の類似度は？
S1: 4ヶ月で未頚定、発達遅延のため、週2回外来通院にてVbjta法での運動療法開始
S2: 5ヶ月時PMDが判明、未頚定発達遅延にて週2回外来通院にてVbjta法および聴覚、視覚刺激を用いた遊びを指導開始","A. 二つの文は完全に同等で、意味が同じである。
S1: 1例は血尿が消失しなかったため膀胱全摘除術を施工した。
S2: 1例は血尿が消失せず膀胱全摘除術を施行した。","B. 二つの文はほぼ同等だが、いくつかの重要ではない詳細が異なる。
S1: 頭部MRAでは、頭蓋内主幹動脈に異常は認めなかった。
S2: 頭部MRAでは頭蓋内主幹動脈に有意狭窄などは認めなかった。","C. 二つの文は大まかに同等だが、いくつかの重要な情報が異なっていたり欠けている。
S1: 臼歯部咬合関係は左右側ともAngelI級であった。
S2: 第一大臼歯部咬合関係は左右側ともにAngel H級であった。","D. 二つの文は同等ではないが、いくつかの詳細を共有している。
S1: 現在、保定開始後3年8ヶ月を経過している。
S2: 現在、保定12ヶ月を経過し、咬合状態は安定している。","E. 二つの文は同等ではないが、同じトピックに関している。
S1: その後臼歯拳上型スプリントを装着したが効果はなかった。
S2: 次に上顎にスプリントを装着し症状の軽減をはかりながら咬合位を確立していった。","F. 二つの文は完全に似ていない。
S1: しかし、自験例のように耐糖能異常のない症例は稀であった。
S2: しかし、自験例の病歴聴取では誘閣となるものは否定的であった。",D
"以下の2つの文の意味の類似度は？
S1: 右放線冠の脳梗塞により左不全麻痺を生じ,発症後7年経過している
S2: 【方法】対象は脳梗塞発症1ヵ月経過した70歳代の女性とし,病巣は左放線冠であった","A. 二つの文は完全に同等で、意味が同じである。
S1: 1例は血尿が消失しなかったため膀胱全摘除術を施工した。
S2: 1例は血尿が消失せず膀胱全摘除術を施行した。","B. 二つの文はほぼ同等だが、いくつかの重要ではない詳細が異なる。
S1: 頭部MRAでは、頭蓋内主幹動脈に異常は認めなかった。
S2: 頭部MRAでは頭蓋内主幹動脈に有意狭窄などは認めなかった。","C. 二つの文は大まかに同等だが、いくつかの重要な情報が異なっていたり欠けている。
S1: 臼歯部咬合関係は左右側ともAngelI級であった。
S2: 第一大臼歯部咬合関係は左右側ともにAngel H級であった。","D. 二つの文は同等ではないが、いくつかの詳細を共有している。
S1: 現在、保定開始後3年8ヶ月を経過している。
S2: 現在、保定12ヶ月を経過し、咬合状態は安定している。","E. 二つの文は同等ではないが、同じトピックに関している。
S1: その後臼歯拳上型スプリントを装着したが効果はなかった。
S2: 次に上顎にスプリントを装着し症状の軽減をはかりながら咬合位を確立していった。","F. 二つの文は完全に似ていない。
S1: しかし、自験例のように耐糖能異常のない症例は稀であった。
S2: しかし、自験例の病歴聴取では誘閣となるものは否定的であった。",D
"以下の2つの文の意味の類似度は？
S1: 【まとめ】今回、入学生に対し文章読解能力および文章表現能力の向上を目的に、コラム課題を実施した
S2: このような事に対応するため、当校では入学後コラムなどを用いて文章読解能力や文章表現能力の向上を試みているので報告する","A. 二つの文は完全に同等で、意味が同じである。
S1: 1例は血尿が消失しなかったため膀胱全摘除術を施工した。
S2: 1例は血尿が消失せず膀胱全摘除術を施行した。","B. 二つの文はほぼ同等だが、いくつかの重要ではない詳細が異なる。
S1: 頭部MRAでは、頭蓋内主幹動脈に異常は認めなかった。
S2: 頭部MRAでは頭蓋内主幹動脈に有意狭窄などは認めなかった。","C. 二つの文は大まかに同等だが、いくつかの重要な情報が異なっていたり欠けている。
S1: 臼歯部咬合関係は左右側ともAngelI級であった。
S2: 第一大臼歯部咬合関係は左右側ともにAngel H級であった。","D. 二つの文は同等ではないが、いくつかの詳細を共有している。
S1: 現在、保定開始後3年8ヶ月を経過している。
S2: 現在、保定12ヶ月を経過し、咬合状態は安定している。","E. 二つの文は同等ではないが、同じトピックに関している。
S1: その後臼歯拳上型スプリントを装着したが効果はなかった。
S2: 次に上顎にスプリントを装着し症状の軽減をはかりながら咬合位を確立していった。","F. 二つの文は完全に似ていない。
S1: しかし、自験例のように耐糖能異常のない症例は稀であった。
S2: しかし、自験例の病歴聴取では誘閣となるものは否定的であった。",D
"以下の2つの文の意味の類似度は？
S1: レ線検査にては異常を認めず,聴力検査では両側軽度感音性難聴があつた
S2: 1977年12月当科初診,聴力検査で両側40～50dBの感音性難聴がみられた","A. 二つの文は完全に同等で、意味が同じである。
S1: 1例は血尿が消失しなかったため膀胱全摘除術を施工した。
S2: 1例は血尿が消失せず膀胱全摘除術を施行した。","B. 二つの文はほぼ同等だが、いくつかの重要ではない詳細が異なる。
S1: 頭部MRAでは、頭蓋内主幹動脈に異常は認めなかった。
S2: 頭部MRAでは頭蓋内主幹動脈に有意狭窄などは認めなかった。","C. 二つの文は大まかに同等だが、いくつかの重要な情報が異なっていたり欠けている。
S1: 臼歯部咬合関係は左右側ともAngelI級であった。
S2: 第一大臼歯部咬合関係は左右側ともにAngel H級であった。","D. 二つの文は同等ではないが、いくつかの詳細を共有している。
S1: 現在、保定開始後3年8ヶ月を経過している。
S2: 現在、保定12ヶ月を経過し、咬合状態は安定している。","E. 二つの文は同等ではないが、同じトピックに関している。
S1: その後臼歯拳上型スプリントを装着したが効果はなかった。
S2: 次に上顎にスプリントを装着し症状の軽減をはかりながら咬合位を確立していった。","F. 二つの文は完全に似ていない。
S1: しかし、自験例のように耐糖能異常のない症例は稀であった。
S2: しかし、自験例の病歴聴取では誘閣となるものは否定的であった。",D
"以下の2つの文の意味の類似度は？
S1: 7)診断及び治療方針:下顎骨の劣成長と上顎前歯の唇側傾斜による上顎前突症例と診断した
S2: 7)診断:上顎の過成長による上顎前突の症例で上顎前歯の唇側傾斜と下顎左側犬歯の埋伏を伴う","A. 二つの文は完全に同等で、意味が同じである。
S1: 1例は血尿が消失しなかったため膀胱全摘除術を施工した。
S2: 1例は血尿が消失せず膀胱全摘除術を施行した。","B. 二つの文はほぼ同等だが、いくつかの重要ではない詳細が異なる。
S1: 頭部MRAでは、頭蓋内主幹動脈に異常は認めなかった。
S2: 頭部MRAでは頭蓋内主幹動脈に有意狭窄などは認めなかった。","C. 二つの文は大まかに同等だが、いくつかの重要な情報が異なっていたり欠けている。
S1: 臼歯部咬合関係は左右側ともAngelI級であった。
S2: 第一大臼歯部咬合関係は左右側ともにAngel H級であった。","D. 二つの文は同等ではないが、いくつかの詳細を共有している。
S1: 現在、保定開始後3年8ヶ月を経過している。
S2: 現在、保定12ヶ月を経過し、咬合状態は安定している。","E. 二つの文は同等ではないが、同じトピックに関している。
S1: その後臼歯拳上型スプリントを装着したが効果はなかった。
S2: 次に上顎にスプリントを装着し症状の軽減をはかりながら咬合位を確立していった。","F. 二つの文は完全に似ていない。
S1: しかし、自験例のように耐糖能異常のない症例は稀であった。
S2: しかし、自験例の病歴聴取では誘閣となるものは否定的であった。",D
"以下の2つの文の意味の類似度は？
S1: 3日おきに治療をし,2回目の治療で食欲が出てきて,頭重もとれた
S2: 3日おきに治療をしたが,3回目の治療で,異物感はとれだし,またよく眠れるようになった","A. 二つの文は完全に同等で、意味が同じである。
S1: 1例は血尿が消失しなかったため膀胱全摘除術を施工した。
S2: 1例は血尿が消失せず膀胱全摘除術を施行した。","B. 二つの文はほぼ同等だが、いくつかの重要ではない詳細が異なる。
S1: 頭部MRAでは、頭蓋内主幹動脈に異常は認めなかった。
S2: 頭部MRAでは頭蓋内主幹動脈に有意狭窄などは認めなかった。","C. 二つの文は大まかに同等だが、いくつかの重要な情報が異なっていたり欠けている。
S1: 臼歯部咬合関係は左右側ともAngelI級であった。
S2: 第一大臼歯部咬合関係は左右側ともにAngel H級であった。","D. 二つの文は同等ではないが、いくつかの詳細を共有している。
S1: 現在、保定開始後3年8ヶ月を経過している。
S2: 現在、保定12ヶ月を経過し、咬合状態は安定している。","E. 二つの文は同等ではないが、同じトピックに関している。
S1: その後臼歯拳上型スプリントを装着したが効果はなかった。
S2: 次に上顎にスプリントを装着し症状の軽減をはかりながら咬合位を確立していった。","F. 二つの文は完全に似ていない。
S1: しかし、自験例のように耐糖能異常のない症例は稀であった。
S2: しかし、自験例の病歴聴取では誘閣となるものは否定的であった。",D
"以下の2つの文の意味の類似度は？
S1: 歯周ポケットの深さは1～10mmの範囲で,1～皿度の歯の動揺度が認められます
S2: 2.歯周精密検査全顎的に5～12mmのプロービング深さ,1～H度の動揺度が認められた","A. 二つの文は完全に同等で、意味が同じである。
S1: 1例は血尿が消失しなかったため膀胱全摘除術を施工した。
S2: 1例は血尿が消失せず膀胱全摘除術を施行した。","B. 二つの文はほぼ同等だが、いくつかの重要ではない詳細が異なる。
S1: 頭部MRAでは、頭蓋内主幹動脈に異常は認めなかった。
S2: 頭部MRAでは頭蓋内主幹動脈に有意狭窄などは認めなかった。","C. 二つの文は大まかに同等だが、いくつかの重要な情報が異なっていたり欠けている。
S1: 臼歯部咬合関係は左右側ともAngelI級であった。
S2: 第一大臼歯部咬合関係は左右側ともにAngel H級であった。","D. 二つの文は同等ではないが、いくつかの詳細を共有している。
S1: 現在、保定開始後3年8ヶ月を経過している。
S2: 現在、保定12ヶ月を経過し、咬合状態は安定している。","E. 二つの文は同等ではないが、同じトピックに関している。
S1: その後臼歯拳上型スプリントを装着したが効果はなかった。
S2: 次に上顎にスプリントを装着し症状の軽減をはかりながら咬合位を確立していった。","F. 二つの文は完全に似ていない。
S1: しかし、自験例のように耐糖能異常のない症例は稀であった。
S2: しかし、自験例の病歴聴取では誘閣となるものは否定的であった。",D
"以下の2つの文の意味の類似度は？
S1: 骨移植前に著しく近心捻転していた裂側中切歯は,骨移植後には捻転が軽減したものの,7歳時では非裂側よりも多少遠心傾斜していた
S2: X線写真所見で,術前に近心捻転,かつ遠心舌側傾斜していた裂側中切歯は,骨移植後に近心捻転が改善し,舌側傾斜の進行が停止した","A. 二つの文は完全に同等で、意味が同じである。
S1: 1例は血尿が消失しなかったため膀胱全摘除術を施工した。
S2: 1例は血尿が消失せず膀胱全摘除術を施行した。","B. 二つの文はほぼ同等だが、いくつかの重要ではない詳細が異なる。
S1: 頭部MRAでは、頭蓋内主幹動脈に異常は認めなかった。
S2: 頭部MRAでは頭蓋内主幹動脈に有意狭窄などは認めなかった。","C. 二つの文は大まかに同等だが、いくつかの重要な情報が異なっていたり欠けている。
S1: 臼歯部咬合関係は左右側ともAngelI級であった。
S2: 第一大臼歯部咬合関係は左右側ともにAngel H級であった。","D. 二つの文は同等ではないが、いくつかの詳細を共有している。
S1: 現在、保定開始後3年8ヶ月を経過している。
S2: 現在、保定12ヶ月を経過し、咬合状態は安定している。","E. 二つの文は同等ではないが、同じトピックに関している。
S1: その後臼歯拳上型スプリントを装着したが効果はなかった。
S2: 次に上顎にスプリントを装着し症状の軽減をはかりながら咬合位を確立していった。","F. 二つの文は完全に似ていない。
S1: しかし、自験例のように耐糖能異常のない症例は稀であった。
S2: しかし、自験例の病歴聴取では誘閣となるものは否定的であった。",D
"以下の2つの文の意味の類似度は？
S1: 平成11年8月31日、全麻下にて腹腔鏡下肝左葉外側区域切除術、胆嚢摘除術施行
S2: この珍しい症例に対して、腹腔鏡下肝左葉外側区域切除術の1例を経験したので報告する","A. 二つの文は完全に同等で、意味が同じである。
S1: 1例は血尿が消失しなかったため膀胱全摘除術を施工した。
S2: 1例は血尿が消失せず膀胱全摘除術を施行した。","B. 二つの文はほぼ同等だが、いくつかの重要ではない詳細が異なる。
S1: 頭部MRAでは、頭蓋内主幹動脈に異常は認めなかった。
S2: 頭部MRAでは頭蓋内主幹動脈に有意狭窄などは認めなかった。","C. 二つの文は大まかに同等だが、いくつかの重要な情報が異なっていたり欠けている。
S1: 臼歯部咬合関係は左右側ともAngelI級であった。
S2: 第一大臼歯部咬合関係は左右側ともにAngel H級であった。","D. 二つの文は同等ではないが、いくつかの詳細を共有している。
S1: 現在、保定開始後3年8ヶ月を経過している。
S2: 現在、保定12ヶ月を経過し、咬合状態は安定している。","E. 二つの文は同等ではないが、同じトピックに関している。
S1: その後臼歯拳上型スプリントを装着したが効果はなかった。
S2: 次に上顎にスプリントを装着し症状の軽減をはかりながら咬合位を確立していった。","F. 二つの文は完全に似ていない。
S1: しかし、自験例のように耐糖能異常のない症例は稀であった。
S2: しかし、自験例の病歴聴取では誘閣となるものは否定的であった。",D
"以下の2つの文の意味の類似度は？
S1: 逆に分化型腺癌では,腺様嚢胞癌,粘表皮腫瘍に比してT1,T2症例が多い
S2: T分類(表5)は,腺様嚢胞癌,粘表皮腫瘍は,扁平上皮癌に比べT3,T4と進行した例が多い印象がある","A. 二つの文は完全に同等で、意味が同じである。
S1: 1例は血尿が消失しなかったため膀胱全摘除術を施工した。
S2: 1例は血尿が消失せず膀胱全摘除術を施行した。","B. 二つの文はほぼ同等だが、いくつかの重要ではない詳細が異なる。
S1: 頭部MRAでは、頭蓋内主幹動脈に異常は認めなかった。
S2: 頭部MRAでは頭蓋内主幹動脈に有意狭窄などは認めなかった。","C. 二つの文は大まかに同等だが、いくつかの重要な情報が異なっていたり欠けている。
S1: 臼歯部咬合関係は左右側ともAngelI級であった。
S2: 第一大臼歯部咬合関係は左右側ともにAngel H級であった。","D. 二つの文は同等ではないが、いくつかの詳細を共有している。
S1: 現在、保定開始後3年8ヶ月を経過している。
S2: 現在、保定12ヶ月を経過し、咬合状態は安定している。","E. 二つの文は同等ではないが、同じトピックに関している。
S1: その後臼歯拳上型スプリントを装着したが効果はなかった。
S2: 次に上顎にスプリントを装着し症状の軽減をはかりながら咬合位を確立していった。","F. 二つの文は完全に似ていない。
S1: しかし、自験例のように耐糖能異常のない症例は稀であった。
S2: しかし、自験例の病歴聴取では誘閣となるものは否定的であった。",D
"以下の2つの文の意味の類似度は？
S1: 平成11年8月31日、全麻下にて腹腔鏡下肝左葉外側区域切除術、胆嚢摘除術施行
S2: 胆管嚢胞腺癌を疑い、肺切除術の約3カ月後に肝外側区域切除術、胆嚢摘出術を施行した","A. 二つの文は完全に同等で、意味が同じである。
S1: 1例は血尿が消失しなかったため膀胱全摘除術を施工した。
S2: 1例は血尿が消失せず膀胱全摘除術を施行した。","B. 二つの文はほぼ同等だが、いくつかの重要ではない詳細が異なる。
S1: 頭部MRAでは、頭蓋内主幹動脈に異常は認めなかった。
S2: 頭部MRAでは頭蓋内主幹動脈に有意狭窄などは認めなかった。","C. 二つの文は大まかに同等だが、いくつかの重要な情報が異なっていたり欠けている。
S1: 臼歯部咬合関係は左右側ともAngelI級であった。
S2: 第一大臼歯部咬合関係は左右側ともにAngel H級であった。","D. 二つの文は同等ではないが、いくつかの詳細を共有している。
S1: 現在、保定開始後3年8ヶ月を経過している。
S2: 現在、保定12ヶ月を経過し、咬合状態は安定している。","E. 二つの文は同等ではないが、同じトピックに関している。
S1: その後臼歯拳上型スプリントを装着したが効果はなかった。
S2: 次に上顎にスプリントを装着し症状の軽減をはかりながら咬合位を確立していった。","F. 二つの文は完全に似ていない。
S1: しかし、自験例のように耐糖能異常のない症例は稀であった。
S2: しかし、自験例の病歴聴取では誘閣となるものは否定的であった。",D
"以下の2つの文の意味の類似度は？
S1: レベリングの後、犬歯の遠心移動を試みたが、歯根の移動を伴わなかった
S2: レベリング後、　power　chainを用いて犬歯の遠心移動を行った","A. 二つの文は完全に同等で、意味が同じである。
S1: 1例は血尿が消失しなかったため膀胱全摘除術を施工した。
S2: 1例は血尿が消失せず膀胱全摘除術を施行した。","B. 二つの文はほぼ同等だが、いくつかの重要ではない詳細が異なる。
S1: 頭部MRAでは、頭蓋内主幹動脈に異常は認めなかった。
S2: 頭部MRAでは頭蓋内主幹動脈に有意狭窄などは認めなかった。","C. 二つの文は大まかに同等だが、いくつかの重要な情報が異なっていたり欠けている。
S1: 臼歯部咬合関係は左右側ともAngelI級であった。
S2: 第一大臼歯部咬合関係は左右側ともにAngel H級であった。","D. 二つの文は同等ではないが、いくつかの詳細を共有している。
S1: 現在、保定開始後3年8ヶ月を経過している。
S2: 現在、保定12ヶ月を経過し、咬合状態は安定している。","E. 二つの文は同等ではないが、同じトピックに関している。
S1: その後臼歯拳上型スプリントを装着したが効果はなかった。
S2: 次に上顎にスプリントを装着し症状の軽減をはかりながら咬合位を確立していった。","F. 二つの文は完全に似ていない。
S1: しかし、自験例のように耐糖能異常のない症例は稀であった。
S2: しかし、自験例の病歴聴取では誘閣となるものは否定的であった。",D
"以下の2つの文の意味の類似度は？
S1: 7)診断及び治療方針:下顎骨の後方位による上顎前突症例と診断した
S2: 7)診断および治療方針:歯と歯槽基底の大きさの不調和による上下顎前歯部叢生の症例と診断した","A. 二つの文は完全に同等で、意味が同じである。
S1: 1例は血尿が消失しなかったため膀胱全摘除術を施工した。
S2: 1例は血尿が消失せず膀胱全摘除術を施行した。","B. 二つの文はほぼ同等だが、いくつかの重要ではない詳細が異なる。
S1: 頭部MRAでは、頭蓋内主幹動脈に異常は認めなかった。
S2: 頭部MRAでは頭蓋内主幹動脈に有意狭窄などは認めなかった。","C. 二つの文は大まかに同等だが、いくつかの重要な情報が異なっていたり欠けている。
S1: 臼歯部咬合関係は左右側ともAngelI級であった。
S2: 第一大臼歯部咬合関係は左右側ともにAngel H級であった。","D. 二つの文は同等ではないが、いくつかの詳細を共有している。
S1: 現在、保定開始後3年8ヶ月を経過している。
S2: 現在、保定12ヶ月を経過し、咬合状態は安定している。","E. 二つの文は同等ではないが、同じトピックに関している。
S1: その後臼歯拳上型スプリントを装着したが効果はなかった。
S2: 次に上顎にスプリントを装着し症状の軽減をはかりながら咬合位を確立していった。","F. 二つの文は完全に似ていない。
S1: しかし、自験例のように耐糖能異常のない症例は稀であった。
S2: しかし、自験例の病歴聴取では誘閣となるものは否定的であった。",E
"以下の2つの文の意味の類似度は？
S1: 平均顎裂幅は9mm,移植骨量は約2.5gであった
S2: 移植骨量は5.5grであったが,平均顎裂幅12mmと比較して少なかった","A. 二つの文は完全に同等で、意味が同じである。
S1: 1例は血尿が消失しなかったため膀胱全摘除術を施工した。
S2: 1例は血尿が消失せず膀胱全摘除術を施行した。","B. 二つの文はほぼ同等だが、いくつかの重要ではない詳細が異なる。
S1: 頭部MRAでは、頭蓋内主幹動脈に異常は認めなかった。
S2: 頭部MRAでは頭蓋内主幹動脈に有意狭窄などは認めなかった。","C. 二つの文は大まかに同等だが、いくつかの重要な情報が異なっていたり欠けている。
S1: 臼歯部咬合関係は左右側ともAngelI級であった。
S2: 第一大臼歯部咬合関係は左右側ともにAngel H級であった。","D. 二つの文は同等ではないが、いくつかの詳細を共有している。
S1: 現在、保定開始後3年8ヶ月を経過している。
S2: 現在、保定12ヶ月を経過し、咬合状態は安定している。","E. 二つの文は同等ではないが、同じトピックに関している。
S1: その後臼歯拳上型スプリントを装着したが効果はなかった。
S2: 次に上顎にスプリントを装着し症状の軽減をはかりながら咬合位を確立していった。","F. 二つの文は完全に似ていない。
S1: しかし、自験例のように耐糖能異常のない症例は稀であった。
S2: しかし、自験例の病歴聴取では誘閣となるものは否定的であった。",E
"以下の2つの文の意味の類似度は？
S1: レベリングの後、犬歯の遠心移動を試みたが、歯根の移動を伴わなかった
S2: bracket装置を装着した。上下顎ともレベリングに続いて、犬歯の遠心移動、前歯部の後退、","A. 二つの文は完全に同等で、意味が同じである。
S1: 1例は血尿が消失しなかったため膀胱全摘除術を施工した。
S2: 1例は血尿が消失せず膀胱全摘除術を施行した。","B. 二つの文はほぼ同等だが、いくつかの重要ではない詳細が異なる。
S1: 頭部MRAでは、頭蓋内主幹動脈に異常は認めなかった。
S2: 頭部MRAでは頭蓋内主幹動脈に有意狭窄などは認めなかった。","C. 二つの文は大まかに同等だが、いくつかの重要な情報が異なっていたり欠けている。
S1: 臼歯部咬合関係は左右側ともAngelI級であった。
S2: 第一大臼歯部咬合関係は左右側ともにAngel H級であった。","D. 二つの文は同等ではないが、いくつかの詳細を共有している。
S1: 現在、保定開始後3年8ヶ月を経過している。
S2: 現在、保定12ヶ月を経過し、咬合状態は安定している。","E. 二つの文は同等ではないが、同じトピックに関している。
S1: その後臼歯拳上型スプリントを装着したが効果はなかった。
S2: 次に上顎にスプリントを装着し症状の軽減をはかりながら咬合位を確立していった。","F. 二つの文は完全に似ていない。
S1: しかし、自験例のように耐糖能異常のない症例は稀であった。
S2: しかし、自験例の病歴聴取では誘閣となるものは否定的であった。",E
"以下の2つの文の意味の類似度は？
S1: そのため腱板筋群の補助として広背筋の過剰収縮が続くことで筋膨隆が起こり柔軟性低下を招いたと考えられる
S2: また、広背筋の過剰収縮が続くことで腱板筋群の活動低下が起こり、さらに広背筋の過剰収縮を引き起こすことになると考えられる","A. 二つの文は完全に同等で、意味が同じである。
S1: 1例は血尿が消失しなかったため膀胱全摘除術を施工した。
S2: 1例は血尿が消失せず膀胱全摘除術を施行した。","B. 二つの文はほぼ同等だが、いくつかの重要ではない詳細が異なる。
S1: 頭部MRAでは、頭蓋内主幹動脈に異常は認めなかった。
S2: 頭部MRAでは頭蓋内主幹動脈に有意狭窄などは認めなかった。","C. 二つの文は大まかに同等だが、いくつかの重要な情報が異なっていたり欠けている。
S1: 臼歯部咬合関係は左右側ともAngelI級であった。
S2: 第一大臼歯部咬合関係は左右側ともにAngel H級であった。","D. 二つの文は同等ではないが、いくつかの詳細を共有している。
S1: 現在、保定開始後3年8ヶ月を経過している。
S2: 現在、保定12ヶ月を経過し、咬合状態は安定している。","E. 二つの文は同等ではないが、同じトピックに関している。
S1: その後臼歯拳上型スプリントを装着したが効果はなかった。
S2: 次に上顎にスプリントを装着し症状の軽減をはかりながら咬合位を確立していった。","F. 二つの文は完全に似ていない。
S1: しかし、自験例のように耐糖能異常のない症例は稀であった。
S2: しかし、自験例の病歴聴取では誘閣となるものは否定的であった。",E
"以下の2つの文の意味の類似度は？
S1: 5)口腔内X線所見:下顎左右第三小臼歯の歯胚が認められる
S2: 5)口腔内X線所見:下顎左側犬歯の下顎前歯根尖部埋伏が認められる","A. 二つの文は完全に同等で、意味が同じである。
S1: 1例は血尿が消失しなかったため膀胱全摘除術を施工した。
S2: 1例は血尿が消失せず膀胱全摘除術を施行した。","B. 二つの文はほぼ同等だが、いくつかの重要ではない詳細が異なる。
S1: 頭部MRAでは、頭蓋内主幹動脈に異常は認めなかった。
S2: 頭部MRAでは頭蓋内主幹動脈に有意狭窄などは認めなかった。","C. 二つの文は大まかに同等だが、いくつかの重要な情報が異なっていたり欠けている。
S1: 臼歯部咬合関係は左右側ともAngelI級であった。
S2: 第一大臼歯部咬合関係は左右側ともにAngel H級であった。","D. 二つの文は同等ではないが、いくつかの詳細を共有している。
S1: 現在、保定開始後3年8ヶ月を経過している。
S2: 現在、保定12ヶ月を経過し、咬合状態は安定している。","E. 二つの文は同等ではないが、同じトピックに関している。
S1: その後臼歯拳上型スプリントを装着したが効果はなかった。
S2: 次に上顎にスプリントを装着し症状の軽減をはかりながら咬合位を確立していった。","F. 二つの文は完全に似ていない。
S1: しかし、自験例のように耐糖能異常のない症例は稀であった。
S2: しかし、自験例の病歴聴取では誘閣となるものは否定的であった。",E
"以下の2つの文の意味の類似度は？
S1: 上顎wraparound　retainerは、2年目で撤去した
S2: その後、上下顎wraparound　retainerにて保定、24ヵ月経過中","A. 二つの文は完全に同等で、意味が同じである。
S1: 1例は血尿が消失しなかったため膀胱全摘除術を施工した。
S2: 1例は血尿が消失せず膀胱全摘除術を施行した。","B. 二つの文はほぼ同等だが、いくつかの重要ではない詳細が異なる。
S1: 頭部MRAでは、頭蓋内主幹動脈に異常は認めなかった。
S2: 頭部MRAでは頭蓋内主幹動脈に有意狭窄などは認めなかった。","C. 二つの文は大まかに同等だが、いくつかの重要な情報が異なっていたり欠けている。
S1: 臼歯部咬合関係は左右側ともAngelI級であった。
S2: 第一大臼歯部咬合関係は左右側ともにAngel H級であった。","D. 二つの文は同等ではないが、いくつかの詳細を共有している。
S1: 現在、保定開始後3年8ヶ月を経過している。
S2: 現在、保定12ヶ月を経過し、咬合状態は安定している。","E. 二つの文は同等ではないが、同じトピックに関している。
S1: その後臼歯拳上型スプリントを装着したが効果はなかった。
S2: 次に上顎にスプリントを装着し症状の軽減をはかりながら咬合位を確立していった。","F. 二つの文は完全に似ていない。
S1: しかし、自験例のように耐糖能異常のない症例は稀であった。
S2: しかし、自験例の病歴聴取では誘閣となるものは否定的であった。",E
"以下の2つの文の意味の類似度は？
S1: 5月28日,非透析日,血中濃度,12時11,0μg/ml,18時10,5μg/ml
S2: 5月8日,透析前血中濃度6,0μg/ml,透析後血中濃度2,9μg/ml,透析率151,7%","A. 二つの文は完全に同等で、意味が同じである。
S1: 1例は血尿が消失しなかったため膀胱全摘除術を施工した。
S2: 1例は血尿が消失せず膀胱全摘除術を施行した。","B. 二つの文はほぼ同等だが、いくつかの重要ではない詳細が異なる。
S1: 頭部MRAでは、頭蓋内主幹動脈に異常は認めなかった。
S2: 頭部MRAでは頭蓋内主幹動脈に有意狭窄などは認めなかった。","C. 二つの文は大まかに同等だが、いくつかの重要な情報が異なっていたり欠けている。
S1: 臼歯部咬合関係は左右側ともAngelI級であった。
S2: 第一大臼歯部咬合関係は左右側ともにAngel H級であった。","D. 二つの文は同等ではないが、いくつかの詳細を共有している。
S1: 現在、保定開始後3年8ヶ月を経過している。
S2: 現在、保定12ヶ月を経過し、咬合状態は安定している。","E. 二つの文は同等ではないが、同じトピックに関している。
S1: その後臼歯拳上型スプリントを装着したが効果はなかった。
S2: 次に上顎にスプリントを装着し症状の軽減をはかりながら咬合位を確立していった。","F. 二つの文は完全に似ていない。
S1: しかし、自験例のように耐糖能異常のない症例は稀であった。
S2: しかし、自験例の病歴聴取では誘閣となるものは否定的であった。",E
"以下の2つの文の意味の類似度は？
S1: 下顎前歯部には,経済的理由によりコンポジットレジン充填を行った
S2: 平坦になっていた臼歯の咬合面は,コンポジットレジンで築盛して咬合面形態の改善を行った","A. 二つの文は完全に同等で、意味が同じである。
S1: 1例は血尿が消失しなかったため膀胱全摘除術を施工した。
S2: 1例は血尿が消失せず膀胱全摘除術を施行した。","B. 二つの文はほぼ同等だが、いくつかの重要ではない詳細が異なる。
S1: 頭部MRAでは、頭蓋内主幹動脈に異常は認めなかった。
S2: 頭部MRAでは頭蓋内主幹動脈に有意狭窄などは認めなかった。","C. 二つの文は大まかに同等だが、いくつかの重要な情報が異なっていたり欠けている。
S1: 臼歯部咬合関係は左右側ともAngelI級であった。
S2: 第一大臼歯部咬合関係は左右側ともにAngel H級であった。","D. 二つの文は同等ではないが、いくつかの詳細を共有している。
S1: 現在、保定開始後3年8ヶ月を経過している。
S2: 現在、保定12ヶ月を経過し、咬合状態は安定している。","E. 二つの文は同等ではないが、同じトピックに関している。
S1: その後臼歯拳上型スプリントを装着したが効果はなかった。
S2: 次に上顎にスプリントを装着し症状の軽減をはかりながら咬合位を確立していった。","F. 二つの文は完全に似ていない。
S1: しかし、自験例のように耐糖能異常のない症例は稀であった。
S2: しかし、自験例の病歴聴取では誘閣となるものは否定的であった。",E
"以下の2つの文の意味の類似度は？
S1: 頭部X線規格写真ANB3.0°の骨格性1級
S2: 頭部X線規格写真骨格系:水平的顎間関係)SNA79.0°","A. 二つの文は完全に同等で、意味が同じである。
S1: 1例は血尿が消失しなかったため膀胱全摘除術を施工した。
S2: 1例は血尿が消失せず膀胱全摘除術を施行した。","B. 二つの文はほぼ同等だが、いくつかの重要ではない詳細が異なる。
S1: 頭部MRAでは、頭蓋内主幹動脈に異常は認めなかった。
S2: 頭部MRAでは頭蓋内主幹動脈に有意狭窄などは認めなかった。","C. 二つの文は大まかに同等だが、いくつかの重要な情報が異なっていたり欠けている。
S1: 臼歯部咬合関係は左右側ともAngelI級であった。
S2: 第一大臼歯部咬合関係は左右側ともにAngel H級であった。","D. 二つの文は同等ではないが、いくつかの詳細を共有している。
S1: 現在、保定開始後3年8ヶ月を経過している。
S2: 現在、保定12ヶ月を経過し、咬合状態は安定している。","E. 二つの文は同等ではないが、同じトピックに関している。
S1: その後臼歯拳上型スプリントを装着したが効果はなかった。
S2: 次に上顎にスプリントを装着し症状の軽減をはかりながら咬合位を確立していった。","F. 二つの文は完全に似ていない。
S1: しかし、自験例のように耐糖能異常のない症例は稀であった。
S2: しかし、自験例の病歴聴取では誘閣となるものは否定的であった。",E
"以下の2つの文の意味の類似度は？
S1: 妊婦症例の「副作用診断名」2位は「白血球減少症」であった
S2: 妊婦症例の「副作用診断名」3位は「横紋筋融解症」であった","A. 二つの文は完全に同等で、意味が同じである。
S1: 1例は血尿が消失しなかったため膀胱全摘除術を施工した。
S2: 1例は血尿が消失せず膀胱全摘除術を施行した。","B. 二つの文はほぼ同等だが、いくつかの重要ではない詳細が異なる。
S1: 頭部MRAでは、頭蓋内主幹動脈に異常は認めなかった。
S2: 頭部MRAでは頭蓋内主幹動脈に有意狭窄などは認めなかった。","C. 二つの文は大まかに同等だが、いくつかの重要な情報が異なっていたり欠けている。
S1: 臼歯部咬合関係は左右側ともAngelI級であった。
S2: 第一大臼歯部咬合関係は左右側ともにAngel H級であった。","D. 二つの文は同等ではないが、いくつかの詳細を共有している。
S1: 現在、保定開始後3年8ヶ月を経過している。
S2: 現在、保定12ヶ月を経過し、咬合状態は安定している。","E. 二つの文は同等ではないが、同じトピックに関している。
S1: その後臼歯拳上型スプリントを装着したが効果はなかった。
S2: 次に上顎にスプリントを装着し症状の軽減をはかりながら咬合位を確立していった。","F. 二つの文は完全に似ていない。
S1: しかし、自験例のように耐糖能異常のない症例は稀であった。
S2: しかし、自験例の病歴聴取では誘閣となるものは否定的であった。",E
"以下の2つの文の意味の類似度は？
S1: これは伝音性の難聴のためによると考えられる
S2: その点からも内耳が侵されるために感音性難聴がおこると考えられる","A. 二つの文は完全に同等で、意味が同じである。
S1: 1例は血尿が消失しなかったため膀胱全摘除術を施工した。
S2: 1例は血尿が消失せず膀胱全摘除術を施行した。","B. 二つの文はほぼ同等だが、いくつかの重要ではない詳細が異なる。
S1: 頭部MRAでは、頭蓋内主幹動脈に異常は認めなかった。
S2: 頭部MRAでは頭蓋内主幹動脈に有意狭窄などは認めなかった。","C. 二つの文は大まかに同等だが、いくつかの重要な情報が異なっていたり欠けている。
S1: 臼歯部咬合関係は左右側ともAngelI級であった。
S2: 第一大臼歯部咬合関係は左右側ともにAngel H級であった。","D. 二つの文は同等ではないが、いくつかの詳細を共有している。
S1: 現在、保定開始後3年8ヶ月を経過している。
S2: 現在、保定12ヶ月を経過し、咬合状態は安定している。","E. 二つの文は同等ではないが、同じトピックに関している。
S1: その後臼歯拳上型スプリントを装着したが効果はなかった。
S2: 次に上顎にスプリントを装着し症状の軽減をはかりながら咬合位を確立していった。","F. 二つの文は完全に似ていない。
S1: しかし、自験例のように耐糖能異常のない症例は稀であった。
S2: しかし、自験例の病歴聴取では誘閣となるものは否定的であった。",E
"以下の2つの文の意味の類似度は？
S1: がん薬物療法認定薬剤師の取得に関しては、取得希望の参加者が479%と約5割あった
S2: がん薬物療法認定薬剤師の資格取得希望者は、薬剤師歴が5年以上ある若手から中堅の薬剤師が占めていることが分かった","A. 二つの文は完全に同等で、意味が同じである。
S1: 1例は血尿が消失しなかったため膀胱全摘除術を施工した。
S2: 1例は血尿が消失せず膀胱全摘除術を施行した。","B. 二つの文はほぼ同等だが、いくつかの重要ではない詳細が異なる。
S1: 頭部MRAでは、頭蓋内主幹動脈に異常は認めなかった。
S2: 頭部MRAでは頭蓋内主幹動脈に有意狭窄などは認めなかった。","C. 二つの文は大まかに同等だが、いくつかの重要な情報が異なっていたり欠けている。
S1: 臼歯部咬合関係は左右側ともAngelI級であった。
S2: 第一大臼歯部咬合関係は左右側ともにAngel H級であった。","D. 二つの文は同等ではないが、いくつかの詳細を共有している。
S1: 現在、保定開始後3年8ヶ月を経過している。
S2: 現在、保定12ヶ月を経過し、咬合状態は安定している。","E. 二つの文は同等ではないが、同じトピックに関している。
S1: その後臼歯拳上型スプリントを装着したが効果はなかった。
S2: 次に上顎にスプリントを装着し症状の軽減をはかりながら咬合位を確立していった。","F. 二つの文は完全に似ていない。
S1: しかし、自験例のように耐糖能異常のない症例は稀であった。
S2: しかし、自験例の病歴聴取では誘閣となるものは否定的であった。",E
"以下の2つの文の意味の類似度は？
S1: 7)模型分析:上顎において歯と歯槽基底の大きさに不調和を認めた
S2: 7)診断及び治療方針:下顎骨の後方位による上顎前突症例と診断した","A. 二つの文は完全に同等で、意味が同じである。
S1: 1例は血尿が消失しなかったため膀胱全摘除術を施工した。
S2: 1例は血尿が消失せず膀胱全摘除術を施行した。","B. 二つの文はほぼ同等だが、いくつかの重要ではない詳細が異なる。
S1: 頭部MRAでは、頭蓋内主幹動脈に異常は認めなかった。
S2: 頭部MRAでは頭蓋内主幹動脈に有意狭窄などは認めなかった。","C. 二つの文は大まかに同等だが、いくつかの重要な情報が異なっていたり欠けている。
S1: 臼歯部咬合関係は左右側ともAngelI級であった。
S2: 第一大臼歯部咬合関係は左右側ともにAngel H級であった。","D. 二つの文は同等ではないが、いくつかの詳細を共有している。
S1: 現在、保定開始後3年8ヶ月を経過している。
S2: 現在、保定12ヶ月を経過し、咬合状態は安定している。","E. 二つの文は同等ではないが、同じトピックに関している。
S1: その後臼歯拳上型スプリントを装着したが効果はなかった。
S2: 次に上顎にスプリントを装着し症状の軽減をはかりながら咬合位を確立していった。","F. 二つの文は完全に似ていない。
S1: しかし、自験例のように耐糖能異常のない症例は稀であった。
S2: しかし、自験例の病歴聴取では誘閣となるものは否定的であった。",E
"以下の2つの文の意味の類似度は？
S1: 7)診断および治療方針:前歯部叢生を伴うアングル1級と診断
S2: 7)診断及び治療方針:下顎骨の劣成長と上顎前歯の唇側傾斜による上顎前突症例と診断した","A. 二つの文は完全に同等で、意味が同じである。
S1: 1例は血尿が消失しなかったため膀胱全摘除術を施工した。
S2: 1例は血尿が消失せず膀胱全摘除術を施行した。","B. 二つの文はほぼ同等だが、いくつかの重要ではない詳細が異なる。
S1: 頭部MRAでは、頭蓋内主幹動脈に異常は認めなかった。
S2: 頭部MRAでは頭蓋内主幹動脈に有意狭窄などは認めなかった。","C. 二つの文は大まかに同等だが、いくつかの重要な情報が異なっていたり欠けている。
S1: 臼歯部咬合関係は左右側ともAngelI級であった。
S2: 第一大臼歯部咬合関係は左右側ともにAngel H級であった。","D. 二つの文は同等ではないが、いくつかの詳細を共有している。
S1: 現在、保定開始後3年8ヶ月を経過している。
S2: 現在、保定12ヶ月を経過し、咬合状態は安定している。","E. 二つの文は同等ではないが、同じトピックに関している。
S1: その後臼歯拳上型スプリントを装着したが効果はなかった。
S2: 次に上顎にスプリントを装着し症状の軽減をはかりながら咬合位を確立していった。","F. 二つの文は完全に似ていない。
S1: しかし、自験例のように耐糖能異常のない症例は稀であった。
S2: しかし、自験例の病歴聴取では誘閣となるものは否定的であった。",E
"以下の2つの文の意味の類似度は？
S1: また患者の平均年齢は、61.9歳であった
S2: 年齢中央値は68歳(52-81歳)であった","A. 二つの文は完全に同等で、意味が同じである。
S1: 1例は血尿が消失しなかったため膀胱全摘除術を施工した。
S2: 1例は血尿が消失せず膀胱全摘除術を施行した。","B. 二つの文はほぼ同等だが、いくつかの重要ではない詳細が異なる。
S1: 頭部MRAでは、頭蓋内主幹動脈に異常は認めなかった。
S2: 頭部MRAでは頭蓋内主幹動脈に有意狭窄などは認めなかった。","C. 二つの文は大まかに同等だが、いくつかの重要な情報が異なっていたり欠けている。
S1: 臼歯部咬合関係は左右側ともAngelI級であった。
S2: 第一大臼歯部咬合関係は左右側ともにAngel H級であった。","D. 二つの文は同等ではないが、いくつかの詳細を共有している。
S1: 現在、保定開始後3年8ヶ月を経過している。
S2: 現在、保定12ヶ月を経過し、咬合状態は安定している。","E. 二つの文は同等ではないが、同じトピックに関している。
S1: その後臼歯拳上型スプリントを装着したが効果はなかった。
S2: 次に上顎にスプリントを装着し症状の軽減をはかりながら咬合位を確立していった。","F. 二つの文は完全に似ていない。
S1: しかし、自験例のように耐糖能異常のない症例は稀であった。
S2: しかし、自験例の病歴聴取では誘閣となるものは否定的であった。",E
"以下の2つの文の意味の類似度は？
S1: 我々は早期より短下肢装具(以下SHB)を装着し歩行練習を導入し、身体機能や歩行能力に改善を認めた症例を経験したので報告する
S2: 今回、我々は早期より装具を作成し、歩行練習を導入することにより、長期的に回復した症例を経験したので経過に若干の考察を加えて報告する","A. 二つの文は完全に同等で、意味が同じである。
S1: 1例は血尿が消失しなかったため膀胱全摘除術を施工した。
S2: 1例は血尿が消失せず膀胱全摘除術を施行した。","B. 二つの文はほぼ同等だが、いくつかの重要ではない詳細が異なる。
S1: 頭部MRAでは、頭蓋内主幹動脈に異常は認めなかった。
S2: 頭部MRAでは頭蓋内主幹動脈に有意狭窄などは認めなかった。","C. 二つの文は大まかに同等だが、いくつかの重要な情報が異なっていたり欠けている。
S1: 臼歯部咬合関係は左右側ともAngelI級であった。
S2: 第一大臼歯部咬合関係は左右側ともにAngel H級であった。","D. 二つの文は同等ではないが、いくつかの詳細を共有している。
S1: 現在、保定開始後3年8ヶ月を経過している。
S2: 現在、保定12ヶ月を経過し、咬合状態は安定している。","E. 二つの文は同等ではないが、同じトピックに関している。
S1: その後臼歯拳上型スプリントを装着したが効果はなかった。
S2: 次に上顎にスプリントを装着し症状の軽減をはかりながら咬合位を確立していった。","F. 二つの文は完全に似ていない。
S1: しかし、自験例のように耐糖能異常のない症例は稀であった。
S2: しかし、自験例の病歴聴取では誘閣となるものは否定的であった。",E
"以下の2つの文の意味の類似度は？
S1: axisを開大させない使用した装置治療経過マルチブラケット装置
S2: 鍼治療期間は平均86±161日であり、治療回数は15±23回であった","A. 二つの文は完全に同等で、意味が同じである。
S1: 1例は血尿が消失しなかったため膀胱全摘除術を施工した。
S2: 1例は血尿が消失せず膀胱全摘除術を施行した。","B. 二つの文はほぼ同等だが、いくつかの重要ではない詳細が異なる。
S1: 頭部MRAでは、頭蓋内主幹動脈に異常は認めなかった。
S2: 頭部MRAでは頭蓋内主幹動脈に有意狭窄などは認めなかった。","C. 二つの文は大まかに同等だが、いくつかの重要な情報が異なっていたり欠けている。
S1: 臼歯部咬合関係は左右側ともAngelI級であった。
S2: 第一大臼歯部咬合関係は左右側ともにAngel H級であった。","D. 二つの文は同等ではないが、いくつかの詳細を共有している。
S1: 現在、保定開始後3年8ヶ月を経過している。
S2: 現在、保定12ヶ月を経過し、咬合状態は安定している。","E. 二つの文は同等ではないが、同じトピックに関している。
S1: その後臼歯拳上型スプリントを装着したが効果はなかった。
S2: 次に上顎にスプリントを装着し症状の軽減をはかりながら咬合位を確立していった。","F. 二つの文は完全に似ていない。
S1: しかし、自験例のように耐糖能異常のない症例は稀であった。
S2: しかし、自験例の病歴聴取では誘閣となるものは否定的であった。",F
"以下の2つの文の意味の類似度は？
S1: このことから、装具療法と併用したシュロス法が側弩の改善に効果的であったと考える
S2: 急1生期からの長下肢装具を用いた歩行練習が下肢機能と歩行能力の改善に効果的であったと考える","A. 二つの文は完全に同等で、意味が同じである。
S1: 1例は血尿が消失しなかったため膀胱全摘除術を施工した。
S2: 1例は血尿が消失せず膀胱全摘除術を施行した。","B. 二つの文はほぼ同等だが、いくつかの重要ではない詳細が異なる。
S1: 頭部MRAでは、頭蓋内主幹動脈に異常は認めなかった。
S2: 頭部MRAでは頭蓋内主幹動脈に有意狭窄などは認めなかった。","C. 二つの文は大まかに同等だが、いくつかの重要な情報が異なっていたり欠けている。
S1: 臼歯部咬合関係は左右側ともAngelI級であった。
S2: 第一大臼歯部咬合関係は左右側ともにAngel H級であった。","D. 二つの文は同等ではないが、いくつかの詳細を共有している。
S1: 現在、保定開始後3年8ヶ月を経過している。
S2: 現在、保定12ヶ月を経過し、咬合状態は安定している。","E. 二つの文は同等ではないが、同じトピックに関している。
S1: その後臼歯拳上型スプリントを装着したが効果はなかった。
S2: 次に上顎にスプリントを装着し症状の軽減をはかりながら咬合位を確立していった。","F. 二つの文は完全に似ていない。
S1: しかし、自験例のように耐糖能異常のない症例は稀であった。
S2: しかし、自験例の病歴聴取では誘閣となるものは否定的であった。",F
"以下の2つの文の意味の類似度は？
S1: capを用いて,ペースを確保しながら治療を行った。動的治療期間は2年5ヵ月であった。
S2: archを用いて治療を開始した。動的治療期間は2年6か月であった。動的治療終了後、上下顎にBegg","A. 二つの文は完全に同等で、意味が同じである。
S1: 1例は血尿が消失しなかったため膀胱全摘除術を施工した。
S2: 1例は血尿が消失せず膀胱全摘除術を施行した。","B. 二つの文はほぼ同等だが、いくつかの重要ではない詳細が異なる。
S1: 頭部MRAでは、頭蓋内主幹動脈に異常は認めなかった。
S2: 頭部MRAでは頭蓋内主幹動脈に有意狭窄などは認めなかった。","C. 二つの文は大まかに同等だが、いくつかの重要な情報が異なっていたり欠けている。
S1: 臼歯部咬合関係は左右側ともAngelI級であった。
S2: 第一大臼歯部咬合関係は左右側ともにAngel H級であった。","D. 二つの文は同等ではないが、いくつかの詳細を共有している。
S1: 現在、保定開始後3年8ヶ月を経過している。
S2: 現在、保定12ヶ月を経過し、咬合状態は安定している。","E. 二つの文は同等ではないが、同じトピックに関している。
S1: その後臼歯拳上型スプリントを装着したが効果はなかった。
S2: 次に上顎にスプリントを装着し症状の軽減をはかりながら咬合位を確立していった。","F. 二つの文は完全に似ていない。
S1: しかし、自験例のように耐糖能異常のない症例は稀であった。
S2: しかし、自験例の病歴聴取では誘閣となるものは否定的であった。",F
"以下の2つの文の意味の類似度は？
S1: ヒ昇は麻酔効果91であることを示唆してきた
S2: これらは両心室血栓の予後が不良であることを示唆する","A. 二つの文は完全に同等で、意味が同じである。
S1: 1例は血尿が消失しなかったため膀胱全摘除術を施工した。
S2: 1例は血尿が消失せず膀胱全摘除術を施行した。","B. 二つの文はほぼ同等だが、いくつかの重要ではない詳細が異なる。
S1: 頭部MRAでは、頭蓋内主幹動脈に異常は認めなかった。
S2: 頭部MRAでは頭蓋内主幹動脈に有意狭窄などは認めなかった。","C. 二つの文は大まかに同等だが、いくつかの重要な情報が異なっていたり欠けている。
S1: 臼歯部咬合関係は左右側ともAngelI級であった。
S2: 第一大臼歯部咬合関係は左右側ともにAngel H級であった。","D. 二つの文は同等ではないが、いくつかの詳細を共有している。
S1: 現在、保定開始後3年8ヶ月を経過している。
S2: 現在、保定12ヶ月を経過し、咬合状態は安定している。","E. 二つの文は同等ではないが、同じトピックに関している。
S1: その後臼歯拳上型スプリントを装着したが効果はなかった。
S2: 次に上顎にスプリントを装着し症状の軽減をはかりながら咬合位を確立していった。","F. 二つの文は完全に似ていない。
S1: しかし、自験例のように耐糖能異常のない症例は稀であった。
S2: しかし、自験例の病歴聴取では誘閣となるものは否定的であった。",F
"以下の2つの文の意味の類似度は？
S1: 今回剣道練習中に急性感音難聴を発症し,治療により回復した症例を経験した
S2: 我々は,横紋筋融解症から急性腎傷害となり,血液浄化が必要となった症例を経験したので報告する","A. 二つの文は完全に同等で、意味が同じである。
S1: 1例は血尿が消失しなかったため膀胱全摘除術を施工した。
S2: 1例は血尿が消失せず膀胱全摘除術を施行した。","B. 二つの文はほぼ同等だが、いくつかの重要ではない詳細が異なる。
S1: 頭部MRAでは、頭蓋内主幹動脈に異常は認めなかった。
S2: 頭部MRAでは頭蓋内主幹動脈に有意狭窄などは認めなかった。","C. 二つの文は大まかに同等だが、いくつかの重要な情報が異なっていたり欠けている。
S1: 臼歯部咬合関係は左右側ともAngelI級であった。
S2: 第一大臼歯部咬合関係は左右側ともにAngel H級であった。","D. 二つの文は同等ではないが、いくつかの詳細を共有している。
S1: 現在、保定開始後3年8ヶ月を経過している。
S2: 現在、保定12ヶ月を経過し、咬合状態は安定している。","E. 二つの文は同等ではないが、同じトピックに関している。
S1: その後臼歯拳上型スプリントを装着したが効果はなかった。
S2: 次に上顎にスプリントを装着し症状の軽減をはかりながら咬合位を確立していった。","F. 二つの文は完全に似ていない。
S1: しかし、自験例のように耐糖能異常のない症例は稀であった。
S2: しかし、自験例の病歴聴取では誘閣となるものは否定的であった。",F
"以下の2つの文の意味の類似度は？
S1: また多数歯に歯肉退縮複根歯には根分岐部病変が認められた(表1)
S2: 歯周ポケットの深さは1～10mmの範囲で,1～皿度の歯の動揺度が認められます","A. 二つの文は完全に同等で、意味が同じである。
S1: 1例は血尿が消失しなかったため膀胱全摘除術を施工した。
S2: 1例は血尿が消失せず膀胱全摘除術を施行した。","B. 二つの文はほぼ同等だが、いくつかの重要ではない詳細が異なる。
S1: 頭部MRAでは、頭蓋内主幹動脈に異常は認めなかった。
S2: 頭部MRAでは頭蓋内主幹動脈に有意狭窄などは認めなかった。","C. 二つの文は大まかに同等だが、いくつかの重要な情報が異なっていたり欠けている。
S1: 臼歯部咬合関係は左右側ともAngelI級であった。
S2: 第一大臼歯部咬合関係は左右側ともにAngel H級であった。","D. 二つの文は同等ではないが、いくつかの詳細を共有している。
S1: 現在、保定開始後3年8ヶ月を経過している。
S2: 現在、保定12ヶ月を経過し、咬合状態は安定している。","E. 二つの文は同等ではないが、同じトピックに関している。
S1: その後臼歯拳上型スプリントを装着したが効果はなかった。
S2: 次に上顎にスプリントを装着し症状の軽減をはかりながら咬合位を確立していった。","F. 二つの文は完全に似ていない。
S1: しかし、自験例のように耐糖能異常のない症例は稀であった。
S2: しかし、自験例の病歴聴取では誘閣となるものは否定的であった。",F
"以下の2つの文の意味の類似度は？
S1: 同年11月25日,左側と同様に右側耳下腺浅葉切除術を施行した
S2: 以上よりHCC疑いおよび胃癌と診断し、肝左葉切除と幽門側胃切除を施行した","A. 二つの文は完全に同等で、意味が同じである。
S1: 1例は血尿が消失しなかったため膀胱全摘除術を施工した。
S2: 1例は血尿が消失せず膀胱全摘除術を施行した。","B. 二つの文はほぼ同等だが、いくつかの重要ではない詳細が異なる。
S1: 頭部MRAでは、頭蓋内主幹動脈に異常は認めなかった。
S2: 頭部MRAでは頭蓋内主幹動脈に有意狭窄などは認めなかった。","C. 二つの文は大まかに同等だが、いくつかの重要な情報が異なっていたり欠けている。
S1: 臼歯部咬合関係は左右側ともAngelI級であった。
S2: 第一大臼歯部咬合関係は左右側ともにAngel H級であった。","D. 二つの文は同等ではないが、いくつかの詳細を共有している。
S1: 現在、保定開始後3年8ヶ月を経過している。
S2: 現在、保定12ヶ月を経過し、咬合状態は安定している。","E. 二つの文は同等ではないが、同じトピックに関している。
S1: その後臼歯拳上型スプリントを装着したが効果はなかった。
S2: 次に上顎にスプリントを装着し症状の軽減をはかりながら咬合位を確立していった。","F. 二つの文は完全に似ていない。
S1: しかし、自験例のように耐糖能異常のない症例は稀であった。
S2: しかし、自験例の病歴聴取では誘閣となるものは否定的であった。",F
"以下の2つの文の意味の類似度は？
S1: また1期には,そのような規則を全くおこなわずに,たとえば,患者が治療者に期待していたいつも支持者としての役割なども積極的にとる態度であった
S2: 治療経過の検討から,この差は,もちいている治療技法の中で期待されている治療者の刺激や強化子としての価値が,1期では小さかったために生じた差であると考えられた","A. 二つの文は完全に同等で、意味が同じである。
S1: 1例は血尿が消失しなかったため膀胱全摘除術を施工した。
S2: 1例は血尿が消失せず膀胱全摘除術を施行した。","B. 二つの文はほぼ同等だが、いくつかの重要ではない詳細が異なる。
S1: 頭部MRAでは、頭蓋内主幹動脈に異常は認めなかった。
S2: 頭部MRAでは頭蓋内主幹動脈に有意狭窄などは認めなかった。","C. 二つの文は大まかに同等だが、いくつかの重要な情報が異なっていたり欠けている。
S1: 臼歯部咬合関係は左右側ともAngelI級であった。
S2: 第一大臼歯部咬合関係は左右側ともにAngel H級であった。","D. 二つの文は同等ではないが、いくつかの詳細を共有している。
S1: 現在、保定開始後3年8ヶ月を経過している。
S2: 現在、保定12ヶ月を経過し、咬合状態は安定している。","E. 二つの文は同等ではないが、同じトピックに関している。
S1: その後臼歯拳上型スプリントを装着したが効果はなかった。
S2: 次に上顎にスプリントを装着し症状の軽減をはかりながら咬合位を確立していった。","F. 二つの文は完全に似ていない。
S1: しかし、自験例のように耐糖能異常のない症例は稀であった。
S2: しかし、自験例の病歴聴取では誘閣となるものは否定的であった。",F
"以下の2つの文の意味の類似度は？
S1: 以上の所見はSpencer　(Pathology　of　the　lung　P831,0,49.)に類似する
S2: 頭部の臨床像はErosivePustular　Dermatosis　of　the　Scalpを思わすが海綿状膿萢があり,　Pyeの原著と異なる","A. 二つの文は完全に同等で、意味が同じである。
S1: 1例は血尿が消失しなかったため膀胱全摘除術を施工した。
S2: 1例は血尿が消失せず膀胱全摘除術を施行した。","B. 二つの文はほぼ同等だが、いくつかの重要ではない詳細が異なる。
S1: 頭部MRAでは、頭蓋内主幹動脈に異常は認めなかった。
S2: 頭部MRAでは頭蓋内主幹動脈に有意狭窄などは認めなかった。","C. 二つの文は大まかに同等だが、いくつかの重要な情報が異なっていたり欠けている。
S1: 臼歯部咬合関係は左右側ともAngelI級であった。
S2: 第一大臼歯部咬合関係は左右側ともにAngel H級であった。","D. 二つの文は同等ではないが、いくつかの詳細を共有している。
S1: 現在、保定開始後3年8ヶ月を経過している。
S2: 現在、保定12ヶ月を経過し、咬合状態は安定している。","E. 二つの文は同等ではないが、同じトピックに関している。
S1: その後臼歯拳上型スプリントを装着したが効果はなかった。
S2: 次に上顎にスプリントを装着し症状の軽減をはかりながら咬合位を確立していった。","F. 二つの文は完全に似ていない。
S1: しかし、自験例のように耐糖能異常のない症例は稀であった。
S2: しかし、自験例の病歴聴取では誘閣となるものは否定的であった。",F
"以下の2つの文の意味の類似度は？
S1: そして、これらを行うためのッールとして活動記録表や活動スケジュールが存在する
S2: 本事例においては#3より導入し、活動スケジュールの実施に伴い抑うつ気分の改善が認められた","A. 二つの文は完全に同等で、意味が同じである。
S1: 1例は血尿が消失しなかったため膀胱全摘除術を施工した。
S2: 1例は血尿が消失せず膀胱全摘除術を施行した。","B. 二つの文はほぼ同等だが、いくつかの重要ではない詳細が異なる。
S1: 頭部MRAでは、頭蓋内主幹動脈に異常は認めなかった。
S2: 頭部MRAでは頭蓋内主幹動脈に有意狭窄などは認めなかった。","C. 二つの文は大まかに同等だが、いくつかの重要な情報が異なっていたり欠けている。
S1: 臼歯部咬合関係は左右側ともAngelI級であった。
S2: 第一大臼歯部咬合関係は左右側ともにAngel H級であった。","D. 二つの文は同等ではないが、いくつかの詳細を共有している。
S1: 現在、保定開始後3年8ヶ月を経過している。
S2: 現在、保定12ヶ月を経過し、咬合状態は安定している。","E. 二つの文は同等ではないが、同じトピックに関している。
S1: その後臼歯拳上型スプリントを装着したが効果はなかった。
S2: 次に上顎にスプリントを装着し症状の軽減をはかりながら咬合位を確立していった。","F. 二つの文は完全に似ていない。
S1: しかし、自験例のように耐糖能異常のない症例は稀であった。
S2: しかし、自験例の病歴聴取では誘閣となるものは否定的であった。",F
"以下の2つの文の意味の類似度は？
S1: 【理学療法学研究としての意義】重度下肢外傷症例は単一施設で経過を追うことが難しい
S2: 【理学療法学研究としての意義】癌の終末期において、QOLの向上を図ることは重要である","A. 二つの文は完全に同等で、意味が同じである。
S1: 1例は血尿が消失しなかったため膀胱全摘除術を施工した。
S2: 1例は血尿が消失せず膀胱全摘除術を施行した。","B. 二つの文はほぼ同等だが、いくつかの重要ではない詳細が異なる。
S1: 頭部MRAでは、頭蓋内主幹動脈に異常は認めなかった。
S2: 頭部MRAでは頭蓋内主幹動脈に有意狭窄などは認めなかった。","C. 二つの文は大まかに同等だが、いくつかの重要な情報が異なっていたり欠けている。
S1: 臼歯部咬合関係は左右側ともAngelI級であった。
S2: 第一大臼歯部咬合関係は左右側ともにAngel H級であった。","D. 二つの文は同等ではないが、いくつかの詳細を共有している。
S1: 現在、保定開始後3年8ヶ月を経過している。
S2: 現在、保定12ヶ月を経過し、咬合状態は安定している。","E. 二つの文は同等ではないが、同じトピックに関している。
S1: その後臼歯拳上型スプリントを装着したが効果はなかった。
S2: 次に上顎にスプリントを装着し症状の軽減をはかりながら咬合位を確立していった。","F. 二つの文は完全に似ていない。
S1: しかし、自験例のように耐糖能異常のない症例は稀であった。
S2: しかし、自験例の病歴聴取では誘閣となるものは否定的であった。",F
"以下の2つの文の意味の類似度は？
S1: さらに顎骨の膨隆が認められ,とくに上顎前歯,口蓋部,下顎臼歯部頬側が著明であった
S2: 9歳9か月では,上顎骨の大きさ,位置ともほぼ標準であったが,下顎骨,特に下顎骨体が大きく前方位にあった","A. 二つの文は完全に同等で、意味が同じである。
S1: 1例は血尿が消失しなかったため膀胱全摘除術を施工した。
S2: 1例は血尿が消失せず膀胱全摘除術を施行した。","B. 二つの文はほぼ同等だが、いくつかの重要ではない詳細が異なる。
S1: 頭部MRAでは、頭蓋内主幹動脈に異常は認めなかった。
S2: 頭部MRAでは頭蓋内主幹動脈に有意狭窄などは認めなかった。","C. 二つの文は大まかに同等だが、いくつかの重要な情報が異なっていたり欠けている。
S1: 臼歯部咬合関係は左右側ともAngelI級であった。
S2: 第一大臼歯部咬合関係は左右側ともにAngel H級であった。","D. 二つの文は同等ではないが、いくつかの詳細を共有している。
S1: 現在、保定開始後3年8ヶ月を経過している。
S2: 現在、保定12ヶ月を経過し、咬合状態は安定している。","E. 二つの文は同等ではないが、同じトピックに関している。
S1: その後臼歯拳上型スプリントを装着したが効果はなかった。
S2: 次に上顎にスプリントを装着し症状の軽減をはかりながら咬合位を確立していった。","F. 二つの文は完全に似ていない。
S1: しかし、自験例のように耐糖能異常のない症例は稀であった。
S2: しかし、自験例の病歴聴取では誘閣となるものは否定的であった。",F
"以下の2つの文の意味の類似度は？
S1: 若年での発症は脳の機能回復にとって有利な条件であったことが考えられる
S2: 今回、しゃがみ動作を獲得できた理由の1つとして骨接合術であったことが考えられる","A. 二つの文は完全に同等で、意味が同じである。
S1: 1例は血尿が消失しなかったため膀胱全摘除術を施工した。
S2: 1例は血尿が消失せず膀胱全摘除術を施行した。","B. 二つの文はほぼ同等だが、いくつかの重要ではない詳細が異なる。
S1: 頭部MRAでは、頭蓋内主幹動脈に異常は認めなかった。
S2: 頭部MRAでは頭蓋内主幹動脈に有意狭窄などは認めなかった。","C. 二つの文は大まかに同等だが、いくつかの重要な情報が異なっていたり欠けている。
S1: 臼歯部咬合関係は左右側ともAngelI級であった。
S2: 第一大臼歯部咬合関係は左右側ともにAngel H級であった。","D. 二つの文は同等ではないが、いくつかの詳細を共有している。
S1: 現在、保定開始後3年8ヶ月を経過している。
S2: 現在、保定12ヶ月を経過し、咬合状態は安定している。","E. 二つの文は同等ではないが、同じトピックに関している。
S1: その後臼歯拳上型スプリントを装着したが効果はなかった。
S2: 次に上顎にスプリントを装着し症状の軽減をはかりながら咬合位を確立していった。","F. 二つの文は完全に似ていない。
S1: しかし、自験例のように耐糖能異常のない症例は稀であった。
S2: しかし、自験例の病歴聴取では誘閣となるものは否定的であった。",F
"以下の2つの文の意味の類似度は？
S1: 身長171cm,体重66kg,年齢30歳,男性
S2: 腫瘤は8.0×4.5cm,可動性は無く、弾性硬であった","A. 二つの文は完全に同等で、意味が同じである。
S1: 1例は血尿が消失しなかったため膀胱全摘除術を施工した。
S2: 1例は血尿が消失せず膀胱全摘除術を施行した。","B. 二つの文はほぼ同等だが、いくつかの重要ではない詳細が異なる。
S1: 頭部MRAでは、頭蓋内主幹動脈に異常は認めなかった。
S2: 頭部MRAでは頭蓋内主幹動脈に有意狭窄などは認めなかった。","C. 二つの文は大まかに同等だが、いくつかの重要な情報が異なっていたり欠けている。
S1: 臼歯部咬合関係は左右側ともAngelI級であった。
S2: 第一大臼歯部咬合関係は左右側ともにAngel H級であった。","D. 二つの文は同等ではないが、いくつかの詳細を共有している。
S1: 現在、保定開始後3年8ヶ月を経過している。
S2: 現在、保定12ヶ月を経過し、咬合状態は安定している。","E. 二つの文は同等ではないが、同じトピックに関している。
S1: その後臼歯拳上型スプリントを装着したが効果はなかった。
S2: 次に上顎にスプリントを装着し症状の軽減をはかりながら咬合位を確立していった。","F. 二つの文は完全に似ていない。
S1: しかし、自験例のように耐糖能異常のない症例は稀であった。
S2: しかし、自験例の病歴聴取では誘閣となるものは否定的であった。",F
"以下の2つの文の意味の類似度は？
S1: 数度の検査で総コレステロール値は最高193mg/d1であり,すべて正常範囲内であった
S2: われわれの検索によると組織球中の脂肪はコレステロールではなく,不飽和脂肪酸の多い中性脂肪であると考えられる","A. 二つの文は完全に同等で、意味が同じである。
S1: 1例は血尿が消失しなかったため膀胱全摘除術を施工した。
S2: 1例は血尿が消失せず膀胱全摘除術を施行した。","B. 二つの文はほぼ同等だが、いくつかの重要ではない詳細が異なる。
S1: 頭部MRAでは、頭蓋内主幹動脈に異常は認めなかった。
S2: 頭部MRAでは頭蓋内主幹動脈に有意狭窄などは認めなかった。","C. 二つの文は大まかに同等だが、いくつかの重要な情報が異なっていたり欠けている。
S1: 臼歯部咬合関係は左右側ともAngelI級であった。
S2: 第一大臼歯部咬合関係は左右側ともにAngel H級であった。","D. 二つの文は同等ではないが、いくつかの詳細を共有している。
S1: 現在、保定開始後3年8ヶ月を経過している。
S2: 現在、保定12ヶ月を経過し、咬合状態は安定している。","E. 二つの文は同等ではないが、同じトピックに関している。
S1: その後臼歯拳上型スプリントを装着したが効果はなかった。
S2: 次に上顎にスプリントを装着し症状の軽減をはかりながら咬合位を確立していった。","F. 二つの文は完全に似ていない。
S1: しかし、自験例のように耐糖能異常のない症例は稀であった。
S2: しかし、自験例の病歴聴取では誘閣となるものは否定的であった。",F
"以下の2つの文の意味の類似度は？
S1: したがって、薬物動態および薬物速度論の概念を理解することが重要である
S2: したがって、ワレンベルグ症候群に伴う不定愁訴に対して鍼治療が有効であることが示唆された","A. 二つの文は完全に同等で、意味が同じである。
S1: 1例は血尿が消失しなかったため膀胱全摘除術を施工した。
S2: 1例は血尿が消失せず膀胱全摘除術を施行した。","B. 二つの文はほぼ同等だが、いくつかの重要ではない詳細が異なる。
S1: 頭部MRAでは、頭蓋内主幹動脈に異常は認めなかった。
S2: 頭部MRAでは頭蓋内主幹動脈に有意狭窄などは認めなかった。","C. 二つの文は大まかに同等だが、いくつかの重要な情報が異なっていたり欠けている。
S1: 臼歯部咬合関係は左右側ともAngelI級であった。
S2: 第一大臼歯部咬合関係は左右側ともにAngel H級であった。","D. 二つの文は同等ではないが、いくつかの詳細を共有している。
S1: 現在、保定開始後3年8ヶ月を経過している。
S2: 現在、保定12ヶ月を経過し、咬合状態は安定している。","E. 二つの文は同等ではないが、同じトピックに関している。
S1: その後臼歯拳上型スプリントを装着したが効果はなかった。
S2: 次に上顎にスプリントを装着し症状の軽減をはかりながら咬合位を確立していった。","F. 二つの文は完全に似ていない。
S1: しかし、自験例のように耐糖能異常のない症例は稀であった。
S2: しかし、自験例の病歴聴取では誘閣となるものは否定的であった。",F
